Income,Age,frequencia_total,ganhos_gerados,Recency,Response,AcceptedCmpOverall,Complain,Kidhome,Teenhome,cluster,segmento
58138.0,63,25,1529,58,1,0,0,0,0,2,Alto valor maduro
46344.0,66,6,21,38,0,0,0,1,1,0,Entrada / baixo investimento
71613.0,55,21,734,26,0,0,0,0,0,2,Alto valor maduro
26646.0,36,8,48,26,0,0,0,1,0,0,Entrada / baixo investimento
58293.0,39,19,407,94,0,0,0,1,0,3,Risco de desengajamento
62513.0,53,22,702,16,0,0,0,0,1,2,Alto valor maduro
55635.0,49,21,563,34,0,0,0,0,1,1,Alto valor ativo
33454.0,35,10,146,32,0,0,0,1,0,0,Entrada / baixo investimento
30351.0,46,6,44,19,1,0,0,1,0,0,Entrada / baixo investimento
5648.0,70,2,36,68,0,1,0,1,1,3,Risco de desengajamento
7500.0,44,6,45,59,0,0,0,0,0,3,Risco de desengajamento
63033.0,61,16,1072,82,0,0,0,0,0,2,Alto valor maduro
59354.0,68,15,296,53,0,0,0,1,1,2,Alto valor maduro
17323.0,33,5,41,38,0,0,0,0,0,0,Entrada / baixo investimento
82800.0,74,26,1270,23,1,2,0,0,0,2,Alto valor maduro
41850.0,40,9,92,51,0,0,0,1,1,0,Entrada / baixo investimento
37760.0,74,13,289,20,0,0,0,0,0,0,Entrada / baixo investimento
76995.0,71,26,1606,91,0,1,0,0,1,2,Alto valor maduro
33812.0,35,8,94,86,0,0,0,1,0,3,Risco de desengajamento
37040.0,38,12,268,41,0,0,0,0,0,0,Entrada / baixo investimento
2447.0,41,43,1729,42,0,0,0,1,0,1,Alto valor ativo
58607.0,71,17,953,63,0,1,0,0,1,2,Alto valor maduro
65324.0,66,20,539,0,0,0,0,0,1,2,Alto valor maduro
40689.0,69,20,345,69,0,0,0,0,1,2,Alto valor maduro
18589.0,51,8,62,89,0,0,0,0,0,3,Risco de desengajamento
53359.0,44,14,216,4,0,0,0,1,1,0,Entrada / baixo investimento
38360.0,31,9,121,26,0,0,0,1,0,0,Entrada / baixo investimento
84618.0,55,26,1672,96,0,1,0,0,0,1,Alto valor ativo
10979.0,31,8,26,34,0,0,0,0,0,0,Entrada / baixo investimento
38620.0,57,11,229,56,0,0,0,0,0,3,Risco de desengajamento
40548.0,50,9,117,31,0,1,0,0,1,0,Entrada / baixo investimento
46610.0,68,17,259,8,1,0,0,0,2,2,Alto valor maduro
68657.0,74,18,1174,4,0,0,0,0,0,2,Alto valor maduro
49389.0,69,6,62,55,0,0,0,1,1,3,Risco de desengajamento
67353.0,50,28,878,37,0,0,0,0,1,1,Alto valor ativo
23718.0,44,9,45,76,0,0,0,1,0,3,Risco de desengajamento
42429.0,47,7,63,99,0,0,0,0,1,3,Risco de desengajamento
48948.0,77,24,860,53,1,1,0,0,0,2,Alto valor maduro
80011.0,40,21,1293,3,0,0,0,0,1,1,Alto valor ativo
20559.0,35,7,46,88,0,0,0,1,0,3,Risco de desengajamento
21994.0,63,4,19,4,0,0,0,0,1,0,Entrada / baixo investimento
7500.0,45,8,19,19,0,0,0,1,0,0,Entrada / baixo investimento
79941.0,44,16,810,72,0,0,0,0,0,1,Alto valor ativo
7500.0,24,10,72,24,1,0,0,0,0,0,Entrada / baixo investimento
41728.0,52,5,42,92,0,0,0,1,0,3,Risco de desengajamento
72550.0,66,28,1281,39,0,0,0,1,1,2,Alto valor maduro
65486.0,63,17,493,29,0,0,0,0,1,2,Alto valor maduro
79143.0,56,29,1661,2,0,0,0,0,0,1,Alto valor ativo
35790.0,43,7,69,54,0,0,0,1,0,3,Risco de desengajamento
82582.0,43,21,1376,54,1,2,0,0,0,1,Alto valor ativo
66373.0,42,23,497,57,0,0,0,1,1,1,Alto valor ativo
82384.0,65,27,1767,55,1,1,0,0,0,2,Alto valor maduro
70287.0,54,21,1053,30,1,0,0,0,0,2,Alto valor maduro
27938.0,32,6,24,31,0,0,0,1,0,0,Entrada / baixo investimento
55954.0,52,19,475,63,0,0,0,0,1,2,Alto valor maduro
75777.0,38,21,1358,12,1,2,0,0,0,1,Alto valor ativo
66653.0,45,22,606,18,0,0,0,1,1,1,Alto valor ativo
61823.0,68,24,715,26,0,0,0,0,1,2,Alto valor maduro
67680.0,69,19,600,8,0,0,0,0,1,2,Alto valor maduro
70666.0,72,16,1046,29,0,0,0,0,0,2,Alto valor maduro
25721.0,49,5,19,75,1,0,0,1,0,3,Risco de desengajamento
32474.0,53,4,11,0,0,0,0,1,1,0,Entrada / baixo investimento
88194.0,41,32,1236,19,1,2,0,0,1,1,Alto valor ativo
69096.0,62,18,544,4,0,0,0,0,1,2,Alto valor maduro
74854.0,50,19,1489,90,0,0,0,1,2,1,Alto valor ativo
66991.0,66,21,1241,1,0,0,0,0,0,2,Alto valor maduro
65031.0,61,30,777,29,0,0,0,0,1,2,Alto valor maduro
60631.0,45,24,642,88,0,1,0,1,1,1,Alto valor ativo
28332.0,68,8,56,58,0,0,0,0,0,3,Risco de desengajamento
40246.0,43,4,12,68,0,0,0,1,0,3,Risco de desengajamento
75251.0,48,19,1872,34,1,0,0,0,0,1,Alto valor ativo
75825.0,44,22,2158,40,1,1,0,0,0,1,Alto valor ativo
26326.0,44,4,9,12,0,0,1,0,0,0,Entrada / baixo investimento
56046.0,55,21,641,9,1,1,0,0,0,2,Alto valor maduro
29760.0,35,12,148,87,0,0,0,1,0,3,Risco de desengajamento
26304.0,51,4,12,5,0,0,0,1,0,0,Entrada / baixo investimento
23559.0,47,9,56,87,0,0,0,1,0,3,Risco de desengajamento
81361.0,33,27,702,18,0,0,0,0,0,1,Alto valor ativo
29440.0,60,7,53,95,0,0,0,1,1,3,Risco de desengajamento
36138.0,50,13,146,48,0,1,0,1,1,0,Entrada / baixo investimento
50388.0,63,17,338,3,1,2,0,0,1,0,Entrada / baixo investimento
79593.0,47,19,1221,70,0,1,0,0,0,1,Alto valor ativo
54178.0,53,10,187,79,0,0,0,0,1,3,Risco de desengajamento
42394.0,48,5,28,69,0,0,0,1,0,3,Risco de desengajamento
23626.0,50,10,43,84,0,0,0,1,0,3,Risco de desengajamento
30096.0,37,6,36,30,0,0,0,1,0,0,Entrada / baixo investimento
47916.0,60,22,531,72,0,1,0,0,1,2,Alto valor maduro
51813.0,48,7,61,37,0,0,0,1,1,0,Entrada / baixo investimento
78497.0,69,25,755,44,0,1,0,0,0,2,Alto valor maduro
50150.0,37,16,399,32,0,0,0,0,0,0,Entrada / baixo investimento
47823.0,60,7,62,0,0,0,0,0,1,0,Entrada / baixo investimento
34554.0,61,7,50,43,0,0,0,0,1,0,Entrada / baixo investimento
85693.0,41,27,1058,59,0,0,0,0,1,1,Alto valor ativo
65846.0,75,16,1039,68,0,0,0,0,0,2,Alto valor maduro
87195.0,61,20,1059,35,1,0,0,0,0,2,Alto valor maduro
24594.0,41,5,20,94,0,0,0,1,0,3,Risco de desengajamento
49096.0,56,13,180,15,0,0,0,1,1,0,Entrada / baixo investimento
52413.0,51,26,845,56,0,0,0,0,2,1,Alto valor ativo
38557.0,42,9,118,17,0,0,0,1,0,0,Entrada / baixo investimento
89058.0,60,14,807,18,0,0,0,0,0,2,Alto valor maduro
77298.0,41,24,890,46,0,0,0,0,1,1,Alto valor ativo
68126.0,29,17,1734,40,1,1,0,0,0,1,Alto valor ativo
57288.0,57,20,548,27,0,1,0,0,1,2,Alto valor maduro
86037.0,29,25,708,95,1,2,0,0,0,1,Alto valor ativo
43974.0,40,21,479,19,0,0,0,1,0,0,Entrada / baixo investimento
50785.0,58,8,87,27,0,0,0,1,1,0,Entrada / baixo investimento
90765.0,50,15,1691,25,0,2,0,0,0,1,Alto valor ativo
36550.0,42,20,457,74,0,0,0,1,0,3,Risco de desengajamento
30753.0,53,7,51,85,0,0,0,1,1,3,Risco de desengajamento
21918.0,51,7,30,37,0,0,0,1,0,0,Entrada / baixo investimento
56129.0,67,22,612,65,0,0,0,0,1,2,Alto valor maduro
32557.0,53,9,70,13,1,0,0,1,0,0,Entrada / baixo investimento
19510.0,35,6,23,63,0,0,0,2,0,3,Risco de desengajamento
30992.0,44,5,41,83,0,0,0,1,0,3,Risco de desengajamento
101970.0,37,27,967,69,1,3,0,0,0,1,Alto valor ativo
71488.0,55,16,387,87,0,0,0,0,0,2,Alto valor maduro
79607.0,36,16,1707,37,1,0,0,0,0,1,Alto valor ativo
54348.0,67,8,86,51,0,0,0,1,1,3,Risco de desengajamento
77376.0,64,23,649,72,0,0,0,1,1,2,Alto valor maduro
62998.0,68,19,405,10,0,0,0,0,1,2,Alto valor maduro
61331.0,62,23,591,42,0,0,0,1,1,2,Alto valor maduro
73448.0,51,19,595,10,0,0,0,0,0,2,Alto valor maduro
41551.0,56,16,256,51,0,0,0,1,1,3,Risco de desengajamento
62981.0,53,23,1482,21,0,1,0,0,0,1,Alto valor ativo
9548.0,44,6,20,31,0,0,0,1,0,0,Entrada / baixo investimento
33762.0,61,9,90,61,0,0,0,2,1,3,Risco de desengajamento
35860.0,47,6,29,37,1,1,0,1,1,0,Entrada / baixo investimento
36921.0,55,7,34,74,0,0,0,1,1,3,Risco de desengajamento
92859.0,28,22,2057,46,0,0,0,0,0,1,Alto valor ativo
65104.0,44,17,1003,4,1,0,0,0,1,1,Alto valor ativo
86111.0,58,23,1259,73,0,0,0,0,0,2,Alto valor maduro
68352.0,46,25,838,47,0,0,0,0,1,1,Alto valor ativo
41883.0,32,12,196,13,0,0,0,1,0,0,Entrada / baixo investimento
59809.0,44,15,828,36,0,0,0,0,2,1,Alto valor ativo
23957.0,45,6,52,47,1,0,0,1,0,0,Entrada / baixo investimento
38547.0,39,4,18,49,0,0,1,1,0,0,Entrada / baixo investimento
35688.0,47,16,179,94,0,0,0,2,1,3,Risco de desengajamento
49605.0,54,8,119,65,0,0,0,0,0,3,Risco de desengajamento
59354.0,67,16,446,59,0,0,0,0,2,2,Alto valor maduro
65747.0,51,19,447,96,0,1,0,0,1,3,Risco de desengajamento
46344.0,48,17,338,28,0,0,0,0,1,0,Entrada / baixo investimento
34176.0,32,11,69,12,0,0,0,1,0,0,Entrada / baixo investimento
61010.0,68,26,945,57,0,0,0,0,1,2,Alto valor maduro
69372.0,71,21,1339,10,1,2,0,0,0,2,Alto valor maduro
49967.0,62,15,303,4,0,0,0,0,1,0,Entrada / baixo investimento
60199.0,42,4,18,49,0,0,0,1,2,0,Entrada / baixo investimento
55375.0,43,9,148,3,0,0,0,0,1,0,Entrada / baixo investimento
80317.0,65,18,1174,64,0,0,0,0,0,2,Alto valor maduro
30523.0,62,4,8,0,0,0,0,2,1,0,Entrada / baixo investimento
70356.0,75,27,1673,20,0,0,0,0,0,2,Alto valor maduro
23228.0,36,11,116,91,0,0,0,1,0,3,Risco de desengajamento
74165.0,45,20,1281,9,0,0,0,0,0,1,Alto valor ativo
43482.0,54,9,60,83,0,0,0,2,1,3,Risco de desengajamento
62551.0,67,18,394,27,0,1,0,0,0,2,Alto valor maduro
52332.0,61,12,257,63,0,1,0,0,0,3,Risco de desengajamento
66951.0,32,15,993,46,0,0,0,0,0,1,Alto valor ativo
26091.0,63,9,69,84,0,0,0,1,1,3,Risco de desengajamento
33456.0,55,6,29,58,0,0,0,1,1,3,Risco de desengajamento
28718.0,38,7,41,78,0,0,0,1,0,3,Risco de desengajamento
50447.0,50,8,121,4,0,0,0,2,0,0,Entrada / baixo investimento
53537.0,61,8,87,17,0,0,0,1,1,0,Entrada / baixo investimento
52074.0,53,7,71,77,0,1,0,0,1,3,Risco de desengajamento
80427.0,45,28,1809,56,0,0,0,0,1,1,Alto valor ativo
83837.0,72,25,1207,79,1,2,0,0,0,2,Alto valor maduro
38853.0,50,7,43,90,0,0,0,1,1,3,Risco de desengajamento
38285.0,61,4,9,96,0,0,0,2,1,3,Risco de desengajamento
51650.0,44,10,184,81,0,0,0,0,1,3,Risco de desengajamento
16248.0,32,9,48,77,0,0,0,1,0,3,Risco de desengajamento
66835.0,74,24,892,21,0,0,0,0,0,2,Alto valor maduro
30477.0,36,6,54,16,0,0,0,1,0,0,Entrada / baixo investimento
28249.0,59,6,33,80,0,0,0,0,0,3,Risco de desengajamento
25271.0,37,5,43,45,0,0,0,1,0,0,Entrada / baixo investimento
32303.0,50,7,37,63,0,0,0,0,1,3,Risco de desengajamento
61286.0,54,18,491,34,0,0,0,0,1,2,Alto valor maduro
74068.0,44,24,1566,14,0,0,0,0,0,1,Alto valor ativo
45759.0,56,7,64,13,0,0,0,1,1,0,Entrada / baixo investimento
24882.0,42,5,44,52,0,1,0,1,0,0,Entrada / baixo investimento
66973.0,31,28,1180,98,0,0,0,0,0,1,Alto valor ativo
38872.0,32,8,69,93,0,0,0,1,0,3,Risco de desengajamento
51148.0,47,16,303,38,0,0,0,1,1,0,Entrada / baixo investimento
31353.0,43,6,24,24,0,0,0,1,1,0,Entrada / baixo investimento
69661.0,40,23,826,80,0,0,0,0,0,1,Alto valor ativo
80067.0,66,17,1549,82,0,1,0,0,0,2,Alto valor maduro
86718.0,66,17,1098,20,0,0,0,0,0,2,Alto valor maduro
46854.0,47,15,184,81,1,1,0,1,1,3,Risco de desengajamento
69142.0,68,19,496,50,0,1,0,0,1,2,Alto valor maduro
75922.0,52,18,1203,60,0,0,0,0,0,1,Alto valor ativo
63693.0,42,29,1096,63,0,0,0,0,1,1,Alto valor ativo
102160.0,43,26,1182,54,1,3,0,0,0,1,Alto valor ativo
40637.0,55,6,35,72,0,0,0,1,1,3,Risco de desengajamento
18890.0,36,4,20,5,1,1,0,0,0,0,Entrada / baixo investimento
29604.0,32,5,39,88,0,1,0,1,0,3,Risco de desengajamento
48721.0,57,17,272,50,0,0,0,1,1,2,Alto valor maduro
44794.0,54,6,61,99,0,0,0,0,1,3,Risco de desengajamento
64497.0,66,29,1612,17,1,1,0,0,1,2,Alto valor maduro
46097.0,64,15,233,11,0,0,0,0,1,0,Entrada / baixo investimento
77972.0,66,20,1089,18,0,0,0,0,0,2,Alto valor maduro
44377.0,52,19,254,70,0,0,0,1,1,3,Risco de desengajamento
46014.0,46,26,497,21,0,0,0,1,1,1,Alto valor ativo
70951.0,35,17,1144,66,0,0,0,0,0,1,Alto valor ativo
41443.0,43,20,393,79,0,0,0,1,0,3,Risco de desengajamento
52195.0,42,4,16,2,0,0,0,2,1,0,Entrada / baixo investimento
83790.0,72,25,1599,81,0,2,0,0,0,2,Alto valor maduro
44551.0,66,12,219,24,0,0,0,0,1,0,Entrada / baixo investimento
69508.0,40,28,1092,48,0,0,0,1,0,1,Alto valor ativo
45204.0,32,7,96,93,0,0,0,1,0,3,Risco de desengajamento
72460.0,51,16,1037,56,0,0,0,0,0,1,Alto valor ativo
77622.0,50,22,700,3,0,0,0,0,2,1,Alto valor ativo
30732.0,40,13,182,44,0,0,0,1,0,0,Entrada / baixo investimento
63887.0,58,32,1153,38,0,0,0,0,1,2,Alto valor maduro
42011.0,42,12,150,46,0,0,0,1,0,0,Entrada / baixo investimento
51369.0,44,16,394,84,0,0,0,0,1,3,Risco de desengajamento
51537.0,68,18,1011,27,0,0,0,0,1,2,Alto valor maduro
79930.0,48,17,1736,72,0,0,0,0,0,1,Alto valor ativo
34320.0,34,4,17,66,0,0,0,1,0,3,Risco de desengajamento
37070.0,54,23,394,30,1,0,0,1,1,2,Alto valor maduro
81975.0,58,14,1561,2,0,1,0,0,1,2,Alto valor maduro
38590.0,49,4,19,65,0,0,0,1,0,3,Risco de desengajamento
15033.0,69,5,15,37,0,0,0,0,0,0,Entrada / baixo investimento
62745.0,55,29,1085,89,0,0,0,0,1,2,Alto valor maduro
22212.0,45,8,48,49,0,0,0,1,0,0,Entrada / baixo investimento
23661.0,38,5,22,46,0,0,0,1,0,0,Entrada / baixo investimento
79761.0,62,19,594,32,0,0,0,0,1,2,Alto valor maduro
7500.0,47,11,37,54,0,0,0,1,0,3,Risco de desengajamento
73455.0,52,22,2068,98,0,1,0,0,0,1,Alto valor ativo
64961.0,62,16,971,97,0,0,0,0,1,2,Alto valor maduro
22804.0,49,5,25,75,0,0,0,1,0,3,Risco de desengajamento
73687.0,30,22,1446,8,1,1,0,0,0,1,Alto valor ativo
61074.0,62,31,950,37,0,0,0,0,1,2,Alto valor maduro
31686.0,56,6,16,31,0,0,0,1,1,0,Entrada / baixo investimento
80134.0,48,16,1610,40,1,3,0,1,0,1,Alto valor ativo
75027.0,67,21,1313,74,0,0,0,0,1,2,Alto valor maduro
67546.0,32,20,1954,90,0,0,0,0,0,1,Alto valor ativo
65176.0,51,25,1461,57,0,0,0,0,1,1,Alto valor ativo
31160.0,45,7,51,59,0,0,0,1,0,3,Risco de desengajamento
29938.0,35,6,15,52,0,0,0,1,0,0,Entrada / baixo investimento
102692.0,46,29,964,5,1,4,0,0,0,1,Alto valor ativo
26490.0,62,11,185,92,0,0,0,0,0,3,Risco de desengajamento
75702.0,53,26,1118,77,0,0,0,1,1,1,Alto valor ativo
30899.0,46,6,32,35,0,0,0,1,0,0,Entrada / baixo investimento
63342.0,59,19,1080,48,0,1,0,0,1,2,Alto valor maduro
45989.0,56,16,310,97,0,0,0,0,1,3,Risco de desengajamento
18701.0,56,10,34,95,0,0,0,1,1,3,Risco de desengajamento
40737.0,63,4,15,24,0,0,0,2,1,0,Entrada / baixo investimento
15287.0,41,6,18,60,1,1,0,1,0,3,Risco de desengajamento
69674.0,52,25,821,46,0,0,0,0,2,1,Alto valor ativo
44159.0,50,15,268,85,0,0,0,1,0,3,Risco de desengajamento
37717.0,42,4,20,31,0,0,0,1,0,0,Entrada / baixo investimento
43776.0,68,17,255,9,1,0,0,1,1,2,Alto valor maduro
38179.0,54,11,70,30,0,0,0,1,1,0,Entrada / baixo investimento
80124.0,57,19,1254,47,0,1,0,0,0,2,Alto valor maduro
38097.0,50,11,115,70,1,1,0,1,1,3,Risco de desengajamento
72940.0,50,13,865,13,0,0,0,0,0,1,Alto valor ativo
22070.0,50,8,46,11,0,0,0,1,0,0,Entrada / baixo investimento
69267.0,67,14,1489,31,1,0,0,0,0,2,Alto valor maduro
31788.0,37,10,54,15,0,0,1,1,0,0,Entrada / baixo investimento
61905.0,45,12,218,2,0,0,0,0,1,0,Entrada / baixo investimento
29315.0,60,10,44,55,0,0,0,1,1,3,Risco de desengajamento
33378.0,57,9,89,38,0,0,0,1,1,0,Entrada / baixo investimento
66313.0,57,23,763,86,0,0,0,0,1,2,Alto valor maduro
60714.0,64,23,795,56,1,0,0,0,0,2,Alto valor maduro
77882.0,39,12,803,29,0,0,0,0,0,1,Alto valor ativo
69867.0,34,17,871,30,1,1,0,0,0,1,Alto valor ativo
63841.0,52,22,777,64,0,0,0,0,1,2,Alto valor maduro
24480.0,39,10,85,46,0,0,0,1,0,0,Entrada / baixo investimento
65640.0,46,15,395,74,0,0,0,0,1,3,Risco de desengajamento
44319.0,45,7,34,18,0,0,0,1,1,0,Entrada / baixo investimento
30631.0,46,7,50,75,0,0,0,1,0,3,Risco de desengajamento
75278.0,68,23,856,17,0,0,0,0,0,2,Alto valor maduro
50898.0,64,33,724,88,0,0,0,1,1,2,Alto valor maduro
79946.0,54,22,1450,19,0,0,0,0,0,1,Alto valor ativo
35416.0,71,16,339,62,0,0,0,0,0,2,Alto valor maduro
32414.0,36,5,40,11,0,1,0,0,0,0,Entrada / baixo investimento
38361.0,51,10,123,74,0,0,0,1,0,3,Risco de desengajamento
82497.0,40,19,1716,32,0,1,0,0,0,1,Alto valor ativo
16626.0,49,9,55,76,0,0,0,2,0,3,Risco de desengajamento
29672.0,55,4,17,6,0,0,0,1,1,0,Entrada / baixo investimento
55951.0,68,23,1334,62,0,2,0,0,1,2,Alto valor maduro
35388.0,32,5,24,20,0,0,0,1,0,0,Entrada / baixo investimento
42386.0,34,7,89,43,0,0,0,1,0,0,Entrada / baixo investimento
68627.0,38,12,787,45,0,0,0,0,0,1,Alto valor ativo
57912.0,55,28,881,34,0,1,0,0,1,2,Alto valor maduro
35246.0,62,11,52,53,0,0,0,1,1,3,Risco de desengajamento
58821.0,64,21,700,44,0,0,0,0,1,2,Alto valor maduro
46377.0,42,7,90,89,0,0,0,1,0,3,Risco de desengajamento
39747.0,32,13,221,43,0,0,0,1,0,0,Entrada / baixo investimento
23976.0,36,10,41,68,0,0,0,1,0,3,Risco de desengajamento
80950.0,59,23,1150,44,0,1,0,0,0,2,Alto valor maduro
27038.0,54,7,92,64,1,0,0,0,0,3,Risco de desengajamento
77457.0,73,18,1146,85,0,1,0,0,0,2,Alto valor maduro
64100.0,56,18,536,93,0,1,0,0,1,2,Alto valor maduro
42670.0,28,11,226,12,0,0,0,0,0,0,Entrada / baixo investimento
12571.0,44,11,36,86,0,0,0,1,0,3,Risco de desengajamento
22574.0,53,7,35,28,0,0,0,2,1,0,Entrada / baixo investimento
70893.0,44,23,1494,42,0,0,0,0,0,1,Alto valor ativo
54198.0,54,16,218,13,0,0,0,1,1,0,Entrada / baixo investimento
28839.0,64,7,31,86,0,0,0,1,1,3,Risco de desengajamento
40321.0,48,8,75,59,0,0,0,1,1,3,Risco de desengajamento
66503.0,35,15,351,30,0,0,0,1,0,1,Alto valor ativo
30833.0,69,6,22,33,0,0,0,1,1,0,Entrada / baixo investimento
64795.0,49,21,603,23,0,0,0,0,1,1,Alto valor ativo
34421.0,46,4,21,81,0,0,0,1,0,3,Risco de desengajamento
47025.0,55,4,19,6,0,0,0,1,1,0,Entrada / baixo investimento
64325.0,59,23,1234,41,0,0,0,0,1,2,Alto valor maduro
40464.0,67,24,589,78,0,0,0,0,1,2,Alto valor maduro
62187.0,63,18,1157,49,0,0,0,0,0,2,Alto valor maduro
14849.0,44,9,56,39,0,0,0,1,0,0,Entrada / baixo investimento
27255.0,36,5,35,3,0,0,0,1,0,0,Entrada / baixo investimento
54432.0,70,5,38,37,0,0,0,2,1,0,Entrada / baixo investimento
29999.0,34,12,149,22,0,0,0,1,0,0,Entrada / baixo investimento
24072.0,37,4,19,79,0,0,0,1,0,3,Risco de desengajamento
33996.0,31,6,65,46,0,0,0,0,0,0,Entrada / baixo investimento
66334.0,64,19,1138,82,1,0,0,0,1,2,Alto valor maduro
35178.0,49,5,41,10,1,1,0,1,0,0,Entrada / baixo investimento
22010.0,37,7,25,51,0,0,0,1,0,0,Entrada / baixo investimento
62204.0,60,22,807,38,0,0,0,0,2,2,Alto valor maduro
75693.0,52,22,1412,10,1,3,0,0,0,1,Alto valor ativo
30675.0,48,5,41,14,0,0,0,1,0,0,Entrada / baixo investimento
83003.0,55,22,1552,18,1,1,0,0,0,1,Alto valor ativo
68655.0,32,21,1500,95,0,0,0,0,0,1,Alto valor ativo
41411.0,34,8,121,11,0,0,0,0,0,0,Entrada / baixo investimento
55212.0,51,20,1148,65,0,2,0,0,1,1,Alto valor ativo
59292.0,70,18,493,71,0,0,0,0,1,2,Alto valor maduro
27190.0,47,4,15,13,1,1,0,1,0,0,Entrada / baixo investimento
82623.0,68,16,767,58,0,0,0,0,0,2,Alto valor maduro
44300.0,55,6,39,65,0,0,0,1,1,3,Risco de desengajamento
84835.0,50,15,972,0,1,0,0,0,0,1,Alto valor ativo
30372.0,49,8,37,33,0,0,0,1,1,0,Entrada / baixo investimento
33181.0,44,4,12,90,0,1,0,1,0,3,Risco de desengajamento
71113.0,63,26,827,95,0,0,0,0,1,2,Alto valor maduro
71952.0,34,22,1350,93,0,2,0,1,0,1,Alto valor ativo
69759.0,54,18,1029,38,1,0,0,0,0,2,Alto valor maduro
72099.0,46,18,1166,18,0,0,0,0,0,1,Alto valor ativo
60000.0,44,24,1265,57,0,0,0,0,1,1,Alto valor ativo
38643.0,42,7,39,45,0,0,1,1,1,0,Entrada / baixo investimento
50737.0,65,7,89,61,0,1,0,0,1,3,Risco de desengajamento
68462.0,51,15,1622,6,0,0,0,0,0,1,Alto valor ativo
65073.0,77,14,892,65,0,0,1,0,0,2,Alto valor maduro
46681.0,72,16,387,52,0,0,0,0,2,2,Alto valor maduro
78618.0,63,22,2092,87,0,1,0,0,0,2,Alto valor maduro
62187.0,51,21,595,38,0,0,0,0,1,2,Alto valor maduro
28442.0,42,10,51,53,0,0,0,2,0,3,Risco de desengajamento
51479.0,53,22,429,67,0,0,0,1,1,2,Alto valor maduro
54803.0,51,19,551,65,0,0,0,0,1,2,Alto valor maduro
79530.0,60,26,1319,64,0,0,0,0,0,2,Alto valor maduro
31615.0,44,7,42,82,0,0,0,1,0,3,Risco de desengajamento
72025.0,58,16,1699,27,0,0,0,0,0,2,Alto valor maduro
52614.0,45,16,952,63,0,0,0,0,1,1,Alto valor ativo
35684.0,36,5,27,66,0,0,0,1,0,3,Risco de desengajamento
48178.0,45,16,216,69,0,0,0,1,1,3,Risco de desengajamento
29548.0,50,5,18,52,0,1,0,1,0,3,Risco de desengajamento
63810.0,54,23,1270,45,0,1,0,0,1,1,Alto valor ativo
38578.0,48,9,70,2,1,0,0,1,1,0,Entrada / baixo investimento
46098.0,45,11,84,86,0,0,0,1,1,3,Risco de desengajamento
22585.0,50,5,42,23,1,1,0,0,0,0,Entrada / baixo investimento
30279.0,31,5,36,13,0,0,0,1,0,0,Entrada / baixo investimento
66426.0,59,20,1220,14,0,0,0,0,1,2,Alto valor maduro
30822.0,51,5,39,92,0,0,0,1,0,3,Risco de desengajamento
33581.0,51,4,16,38,0,0,0,2,0,0,Entrada / baixo investimento
19986.0,35,4,16,74,0,0,0,1,0,3,Risco de desengajamento
27421.0,66,14,269,14,0,0,0,0,0,0,Entrada / baixo investimento
36143.0,39,4,13,33,0,0,0,1,0,0,Entrada / baixo investimento
10245.0,49,8,28,32,0,0,0,1,0,0,Entrada / baixo investimento
43795.0,52,17,385,11,1,1,0,0,1,0,Entrada / baixo investimento
63381.0,60,26,846,78,0,0,0,0,1,2,Alto valor maduro
38823.0,71,7,91,56,0,0,0,0,1,3,Risco de desengajamento
83664.0,52,19,1087,57,0,0,0,1,1,1,Alto valor ativo
90300.0,41,19,1681,7,0,1,0,0,0,1,Alto valor ativo
62499.0,41,12,218,0,0,0,0,1,0,0,Entrada / baixo investimento
74293.0,27,16,1046,66,0,0,0,0,0,1,Alto valor ativo
51012.0,74,10,185,86,0,0,0,0,0,3,Risco de desengajamento
70777.0,52,23,709,80,0,0,0,0,1,1,Alto valor ativo
68682.0,29,24,1553,56,0,0,0,0,0,1,Alto valor ativo
43824.0,49,12,154,18,0,0,0,1,1,0,Entrada / baixo investimento
15345.0,36,6,28,51,1,0,0,1,0,0,Entrada / baixo investimento
23442.0,33,5,22,71,0,0,0,1,0,3,Risco de desengajamento
14515.0,40,11,61,71,1,0,0,1,0,3,Risco de desengajamento
31395.0,64,10,57,80,0,0,0,1,1,3,Risco de desengajamento
75276.0,55,23,1019,2,0,0,0,0,0,2,Alto valor maduro
42373.0,46,13,144,83,0,0,0,1,1,3,Risco de desengajamento
30507.0,60,11,233,29,0,0,0,0,0,0,Entrada / baixo investimento
55521.0,65,24,442,11,1,1,0,1,2,2,Alto valor maduro
48006.0,55,5,39,55,0,0,0,1,1,3,Risco de desengajamento
27213.0,48,9,67,19,1,0,0,1,0,0,Entrada / baixo investimento
65808.0,49,14,262,1,0,0,0,1,1,0,Entrada / baixo investimento
30351.0,46,6,44,19,0,0,0,1,0,0,Entrada / baixo investimento
50437.0,57,19,486,28,0,0,0,0,2,2,Alto valor maduro
23616.0,38,8,47,76,1,0,0,1,0,3,Risco de desengajamento
53858.0,44,17,889,50,0,0,0,0,1,1,Alto valor ativo
66465.0,65,35,1471,1,0,1,0,0,1,2,Alto valor maduro
46923.0,33,16,363,90,0,0,0,1,0,3,Risco de desengajamento
75072.0,58,19,948,83,0,0,0,0,1,2,Alto valor maduro
75865.0,77,19,1230,73,0,0,0,0,0,2,Alto valor maduro
19789.0,45,9,50,24,0,1,0,1,0,0,Entrada / baixo investimento
80134.0,26,21,1352,11,0,4,0,0,0,1,Alto valor ativo
91065.0,39,26,1360,33,1,2,0,0,0,1,Alto valor ativo
49505.0,49,29,723,4,0,0,0,1,1,1,Alto valor ativo
37401.0,47,7,45,14,0,0,0,1,0,0,Entrada / baixo investimento
18492.0,38,4,9,75,0,0,0,1,0,3,Risco de desengajamento
82584.0,46,16,1367,26,1,2,0,0,0,1,Alto valor ativo
93027.0,79,22,2098,77,0,1,0,0,0,2,Alto valor maduro
48686.0,67,4,19,8,0,0,0,1,2,0,Entrada / baixo investimento
92910.0,34,27,1762,42,0,3,0,0,0,1,Alto valor ativo
75433.0,31,19,1131,28,0,2,0,1,0,1,Alto valor ativo
10404.0,31,7,31,52,0,0,0,1,0,0,Entrada / baixo investimento
61314.0,52,24,836,1,0,0,0,0,1,2,Alto valor maduro
84865.0,59,16,1672,1,1,4,0,0,0,2,Alto valor maduro
42387.0,31,21,493,42,0,0,0,1,0,1,Alto valor ativo
67309.0,53,39,987,76,0,0,0,1,1,1,Alto valor ativo
75236.0,56,25,954,27,0,0,0,0,1,2,Alto valor maduro
30015.0,50,7,52,28,0,0,0,1,0,0,Entrada / baixo investimento
50943.0,64,5,40,49,0,0,0,0,1,3,Risco de desengajamento
67272.0,54,23,719,12,0,0,0,0,1,2,Alto valor maduro
51529.0,71,17,445,14,0,0,0,0,1,2,Alto valor maduro
32011.0,49,10,117,89,0,0,0,1,0,3,Risco de desengajamento
7500.0,34,7,27,96,0,0,0,1,0,3,Risco de desengajamento
28691.0,31,5,30,56,0,0,0,1,0,3,Risco de desengajamento
56223.0,72,10,152,72,0,0,0,0,1,3,Risco de desengajamento
18100.0,74,4,13,14,0,0,0,0,0,0,Entrada / baixo investimento
20130.0,46,5,22,99,0,0,0,0,0,3,Risco de desengajamento
23295.0,61,4,15,72,0,0,0,0,0,3,Risco de desengajamento
42618.0,48,11,182,92,0,0,0,1,0,3,Risco de desengajamento
81246.0,56,17,1342,87,0,2,0,0,0,1,Alto valor ativo
24027.0,44,7,43,7,0,0,0,1,0,0,Entrada / baixo investimento
55707.0,67,16,393,91,0,0,0,0,1,2,Alto valor maduro
57959.0,65,27,835,71,0,0,0,0,1,2,Alto valor maduro
56796.0,51,27,964,24,0,0,0,0,1,1,Alto valor ativo
36230.0,49,7,56,17,0,0,0,1,0,0,Entrada / baixo investimento
70829.0,40,16,408,87,0,0,0,1,1,1,Alto valor ativo
65991.0,44,27,962,21,0,0,0,0,1,1,Alto valor ativo
38988.0,48,19,306,90,0,0,0,1,2,3,Risco de desengajamento
89572.0,54,24,1995,44,1,2,0,0,0,1,Alto valor ativo
42207.0,36,14,219,71,1,1,0,1,0,3,Risco de desengajamento
50300.0,68,13,265,52,0,0,0,0,1,2,Alto valor maduro
66664.0,38,19,1257,78,0,0,0,0,0,1,Alto valor ativo
60597.0,56,16,827,2,1,1,0,0,1,2,Alto valor maduro
70165.0,71,22,804,60,0,0,0,0,0,2,Alto valor maduro
50520.0,62,9,121,25,0,0,0,0,1,0,Entrada / baixo investimento
33183.0,45,9,83,46,0,0,0,1,0,0,Entrada / baixo investimento
66582.0,51,20,1288,83,0,0,0,0,0,1,Alto valor ativo
75261.0,65,17,1726,17,1,2,0,0,0,2,Alto valor maduro
31880.0,50,4,12,13,0,0,0,1,0,0,Entrada / baixo investimento
53790.0,69,20,537,86,0,0,0,0,2,2,Alto valor maduro
49269.0,49,25,832,92,0,0,0,1,0,1,Alto valor ativo
61456.0,45,33,1299,47,0,0,0,0,1,1,Alto valor ativo
37406.0,40,4,14,18,1,0,0,1,0,0,Entrada / baixo investimento
56937.0,39,30,898,81,1,1,0,1,0,1,Alto valor ativo
38415.0,42,6,40,91,0,0,0,1,1,3,Risco de desengajamento
20518.0,32,5,16,58,0,0,0,1,0,3,Risco de desengajamento
62503.0,64,26,856,40,0,0,0,0,1,2,Alto valor maduro
41644.0,48,6,29,67,0,0,0,1,1,3,Risco de desengajamento
55842.0,43,17,494,19,0,0,0,0,1,0,Entrada / baixo investimento
62010.0,48,19,438,93,0,0,0,0,1,3,Risco de desengajamento
41124.0,43,21,387,41,0,0,0,1,0,0,Entrada / baixo investimento
38961.0,47,6,46,60,0,0,0,1,0,3,Risco de desengajamento
37760.0,48,6,54,54,0,0,0,1,0,3,Risco de desengajamento
32233.0,46,12,224,26,1,1,0,1,0,0,Entrada / baixo investimento
43057.0,45,15,261,30,0,0,0,0,1,0,Entrada / baixo investimento
83151.0,60,19,729,93,0,0,0,0,0,2,Alto valor maduro
78825.0,56,29,877,35,1,0,0,0,0,2,Alto valor maduro
65104.0,44,17,1003,4,0,0,0,0,1,1,Alto valor ativo
60093.0,46,21,645,92,0,0,0,0,1,1,Alto valor ativo
14045.0,51,5,19,24,0,0,0,1,0,0,Entrada / baixo investimento
28457.0,68,10,191,96,0,0,0,0,0,3,Risco de desengajamento
78952.0,62,21,1958,11,0,0,0,0,1,2,Alto valor maduro
46310.0,44,14,295,99,0,0,0,1,0,3,Risco de desengajamento
76005.0,65,22,1682,72,0,1,0,0,0,2,Alto valor maduro
58308.0,56,15,770,77,0,0,0,0,1,2,Alto valor maduro
55614.0,76,20,656,85,0,1,0,0,0,2,Alto valor maduro
59432.0,58,22,651,88,0,0,0,0,1,2,Alto valor maduro
55563.0,42,6,41,22,0,0,0,0,1,0,Entrada / baixo investimento
78642.0,49,18,1799,83,0,0,0,0,1,1,Alto valor ativo
67911.0,71,27,976,63,0,0,0,0,1,2,Alto valor maduro
65275.0,76,21,725,9,0,0,0,0,0,2,Alto valor maduro
27203.0,70,6,40,92,0,0,0,1,1,3,Risco de desengajamento
48330.0,59,5,32,2,0,0,0,0,1,0,Entrada / baixo investimento
24279.0,30,9,155,6,0,0,0,0,0,0,Entrada / baixo investimento
64355.0,35,21,1292,66,0,0,0,1,0,1,Alto valor ativo
53653.0,67,28,1102,29,0,0,0,0,0,2,Alto valor maduro
65665.0,44,24,916,77,0,0,0,0,1,1,Alto valor ativo
81217.0,31,22,1073,77,0,0,0,0,0,1,Alto valor ativo
34935.0,28,8,117,71,0,0,0,0,0,3,Risco de desengajamento
61250.0,61,25,671,49,0,0,0,0,1,2,Alto valor maduro
39665.0,39,12,185,97,0,1,0,1,0,3,Risco de desengajamento
60152.0,41,23,852,6,0,0,0,0,1,1,Alto valor ativo
48920.0,56,16,341,93,0,1,0,0,2,3,Risco de desengajamento
89120.0,61,19,1869,78,0,1,0,0,0,2,Alto valor maduro
44124.0,74,17,345,62,0,0,0,0,1,2,Alto valor maduro
81169.0,45,22,2062,47,0,0,0,0,0,1,Alto valor ativo
36443.0,59,11,118,9,0,0,0,1,1,0,Entrada / baixo investimento
26095.0,30,5,31,77,0,0,0,1,0,3,Risco de desengajamento
71367.0,61,17,702,24,0,0,0,0,0,2,Alto valor maduro
80184.0,76,20,1902,19,0,2,0,0,0,2,Alto valor maduro
30630.0,55,7,42,67,0,0,0,1,1,3,Risco de desengajamento
73454.0,33,13,1476,95,0,1,0,0,0,1,Alto valor ativo
42691.0,29,13,300,48,0,0,0,0,0,0,Entrada / baixo investimento
70503.0,67,16,1661,73,0,2,0,0,0,2,Alto valor maduro
25545.0,33,10,125,35,1,0,0,1,0,0,Entrada / baixo investimento
32880.0,34,5,40,76,0,0,0,1,0,3,Risco de desengajamento
77863.0,62,20,1279,20,0,0,0,0,0,2,Alto valor maduro
50353.0,43,15,407,72,0,0,0,0,0,3,Risco de desengajamento
61839.0,56,17,1775,20,0,0,0,0,0,2,Alto valor maduro
49154.0,60,19,340,69,0,0,0,1,1,2,Alto valor maduro
47682.0,45,19,460,80,0,0,0,0,1,3,Risco de desengajamento
72679.0,51,17,1114,65,0,0,0,0,1,1,Alto valor ativo
57954.0,43,23,484,52,0,1,0,1,1,1,Alto valor ativo
65316.0,58,12,222,65,0,0,0,1,1,3,Risco de desengajamento
28567.0,38,7,40,57,0,0,0,1,0,3,Risco de desengajamento
47352.0,69,16,304,70,0,0,0,0,1,2,Alto valor maduro
44931.0,53,7,89,0,0,0,0,0,1,0,Entrada / baixo investimento
76982.0,53,16,1032,19,1,1,0,0,0,2,Alto valor maduro
57247.0,68,12,226,50,0,0,0,0,1,2,Alto valor maduro
22944.0,39,9,50,67,0,0,0,1,0,3,Risco de desengajamento
25315.0,43,9,32,46,0,0,0,1,0,0,Entrada / baixo investimento
43638.0,51,11,182,37,0,0,0,0,1,0,Entrada / baixo investimento
42710.0,36,14,304,38,0,0,0,1,0,0,Entrada / baixo investimento
84169.0,38,20,1919,9,1,2,0,0,0,1,Alto valor ativo
54058.0,44,20,608,56,0,0,0,0,1,1,Alto valor ativo
24683.0,30,8,35,98,0,0,0,1,0,3,Risco de desengajamento
85620.0,56,14,1554,68,1,0,0,0,0,1,Alto valor ativo
47850.0,40,8,124,72,0,0,0,1,0,3,Risco de desengajamento
19514.0,52,10,41,47,1,1,0,1,1,0,Entrada / baixo investimento
27159.0,47,6,20,33,0,0,0,1,1,0,Entrada / baixo investimento
39548.0,57,7,36,87,0,0,0,1,1,3,Risco de desengajamento
21474.0,31,8,57,0,1,1,0,1,0,0,Entrada / baixo investimento
60504.0,49,18,492,73,0,0,0,0,1,1,Alto valor ativo
22419.0,57,8,120,74,0,0,0,0,0,3,Risco de desengajamento
81698.0,71,25,961,4,1,0,0,0,0,2,Alto valor maduro
43462.0,68,16,225,50,0,0,0,1,1,2,Alto valor maduro
54880.0,42,21,677,57,0,0,0,1,0,1,Alto valor ativo
79908.0,38,19,1661,30,0,1,0,0,0,1,Alto valor ativo
15315.0,50,8,47,27,0,0,0,0,0,0,Entrada / baixo investimento
87771.0,61,20,1924,61,1,4,0,0,1,2,Alto valor maduro
33039.0,42,7,66,4,0,0,0,1,0,0,Entrada / baixo investimento
81741.0,40,19,1534,75,0,0,0,0,0,1,Alto valor ativo
71499.0,49,26,758,12,0,0,0,0,1,1,Alto valor ativo
62466.0,50,26,806,13,0,0,0,0,1,1,Alto valor ativo
48799.0,57,15,307,9,0,0,0,0,1,0,Entrada / baixo investimento
52157.0,70,12,225,48,0,0,0,0,1,2,Alto valor maduro
66565.0,58,19,1023,80,0,0,0,0,1,2,Alto valor maduro
29298.0,69,4,10,60,0,0,0,1,1,3,Risco de desengajamento
47691.0,41,4,17,43,0,0,0,0,1,0,Entrada / baixo investimento
38200.0,50,4,16,19,0,0,0,1,1,0,Entrada / baixo investimento
44989.0,46,16,263,26,0,0,0,0,1,0,Entrada / baixo investimento
38443.0,52,6,37,58,0,0,0,1,1,3,Risco de desengajamento
38593.0,42,11,153,42,0,0,0,1,0,0,Entrada / baixo investimento
64413.0,50,12,259,27,0,0,0,0,1,0,Entrada / baixo investimento
36959.0,39,7,62,56,0,0,0,1,0,3,Risco de desengajamento
61996.0,43,21,1206,27,1,3,0,0,1,1,Alto valor ativo
51287.0,52,11,152,10,0,0,0,1,1,0,Entrada / baixo investimento
13260.0,50,10,42,48,0,0,0,1,1,0,Entrada / baixo investimento
47472.0,54,8,67,39,0,0,0,1,1,0,Entrada / baixo investimento
54603.0,64,16,223,85,0,0,0,1,1,3,Risco de desengajamento
45207.0,46,15,213,64,0,1,0,1,1,3,Risco de desengajamento
47821.0,53,5,37,54,0,0,0,1,1,3,Risco de desengajamento
27450.0,69,7,91,57,0,0,0,0,0,3,Risco de desengajamento
39453.0,37,7,53,64,0,0,0,1,0,3,Risco de desengajamento
26850.0,49,11,54,10,0,0,0,1,1,0,Entrada / baixo investimento
79800.0,65,22,1643,65,1,3,0,0,0,2,Alto valor maduro
61794.0,59,20,600,74,0,0,0,0,1,2,Alto valor maduro
53863.0,65,18,443,4,0,1,0,0,1,2,Alto valor maduro
24221.0,61,6,33,94,0,0,0,0,0,3,Risco de desengajamento
39684.0,36,7,64,41,1,0,1,1,0,0,Entrada / baixo investimento
92163.0,45,21,2066,25,1,2,0,0,0,1,Alto valor ativo
69882.0,55,20,1313,94,0,0,0,0,0,1,Alto valor ativo
33178.0,43,5,33,9,0,0,0,1,0,0,Entrada / baixo investimento
59973.0,48,15,382,47,0,0,0,0,0,3,Risco de desengajamento
17459.0,45,9,39,12,1,0,0,1,0,0,Entrada / baixo investimento
23910.0,51,6,54,80,0,0,0,1,0,3,Risco de desengajamento
42169.0,51,6,28,20,0,0,0,1,1,0,Entrada / baixo investimento
26224.0,42,9,48,39,0,0,0,1,0,0,Entrada / baixo investimento
31089.0,39,10,75,57,0,0,0,1,0,3,Risco de desengajamento
30081.0,59,5,38,27,0,0,0,0,1,0,Entrada / baixo investimento
62807.0,60,23,720,83,0,0,0,0,1,2,Alto valor maduro
72906.0,65,17,1097,79,0,0,0,0,0,2,Alto valor maduro
61467.0,72,20,545,69,0,0,0,0,2,2,Alto valor maduro
49618.0,54,11,115,77,0,0,0,1,1,3,Risco de desengajamento
21888.0,34,12,149,15,1,0,0,1,0,0,Entrada / baixo investimento
26150.0,64,5,27,61,0,0,0,2,1,3,Risco de desengajamento
30801.0,45,6,34,23,0,0,0,0,1,0,Entrada / baixo investimento
81168.0,55,18,1171,84,0,1,0,0,0,1,Alto valor ativo
26877.0,51,12,228,74,0,0,0,0,0,3,Risco de desengajamento
45006.0,76,12,256,90,0,0,0,0,0,3,Risco de desengajamento
18978.0,47,5,22,41,0,0,0,1,0,0,Entrada / baixo investimento
48240.0,51,25,841,73,1,0,0,0,0,1,Alto valor ativo
45837.0,46,18,349,88,0,0,0,1,1,3,Risco de desengajamento
35791.0,55,6,32,94,0,0,0,2,1,3,Risco de desengajamento
54162.0,42,5,32,31,0,0,0,1,1,0,Entrada / baixo investimento
30522.0,60,17,300,6,0,0,0,0,1,0,Entrada / baixo investimento
54456.0,59,17,389,23,0,0,0,0,1,2,Alto valor maduro
31632.0,49,6,63,92,0,0,0,0,0,3,Risco de desengajamento
72298.0,71,14,904,52,0,2,0,0,0,2,Alto valor maduro
36975.0,42,5,31,50,0,0,0,1,0,0,Entrada / baixo investimento
72635.0,65,21,874,54,0,1,0,0,0,2,Alto valor maduro
13624.0,44,7,30,93,0,0,0,1,0,3,Risco de desengajamento
84196.0,45,20,1047,56,0,0,0,0,1,1,Alto valor ativo
70971.0,60,34,1808,28,1,0,0,0,1,2,Alto valor maduro
34487.0,43,9,95,94,0,0,0,1,1,3,Risco de desengajamento
28769.0,43,12,188,76,0,0,0,1,0,3,Risco de desengajamento
69084.0,50,25,1556,43,0,0,0,1,0,1,Alto valor ativo
65488.0,62,14,909,46,0,0,0,0,0,2,Alto valor maduro
32218.0,60,7,63,27,1,1,0,0,0,0,Entrada / baixo investimento
83917.0,47,21,1508,12,1,0,0,0,0,1,Alto valor ativo
46102.0,58,4,15,3,0,0,0,2,1,0,Entrada / baixo investimento
84574.0,68,32,1212,72,0,0,0,0,0,2,Alto valor maduro
56181.0,58,14,345,6,0,0,0,0,1,0,Entrada / baixo investimento
63120.0,70,26,1408,53,1,0,0,0,1,2,Alto valor maduro
73691.0,49,18,1106,58,0,1,0,0,1,1,Alto valor ativo
76140.0,72,21,1322,57,0,0,0,0,0,2,Alto valor maduro
62859.0,61,23,1282,37,0,0,0,0,1,2,Alto valor maduro
45906.0,56,15,342,20,0,1,0,0,1,0,Entrada / baixo investimento
77632.0,73,13,2105,73,1,2,0,0,0,2,Alto valor maduro
46463.0,49,17,224,56,0,0,0,1,1,3,Risco de desengajamento
105471.0,50,30,1517,36,1,2,0,0,0,1,Alto valor ativo
55282.0,50,11,216,9,0,0,0,1,0,0,Entrada / baixo investimento
78710.0,43,28,1042,42,0,0,0,0,1,1,Alto valor ativo
66886.0,62,17,453,28,0,0,0,0,1,2,Alto valor maduro
98777.0,60,19,1970,23,0,1,0,0,0,1,Alto valor ativo
29103.0,35,6,42,38,0,0,0,1,0,0,Entrada / baixo investimento
67445.0,46,32,1163,63,0,0,0,0,1,1,Alto valor ativo
50616.0,70,7,58,71,0,0,0,0,1,3,Risco de desengajamento
49431.0,65,15,348,9,0,0,0,0,1,0,Entrada / baixo investimento
61278.0,67,10,150,87,0,0,0,0,1,3,Risco de desengajamento
73059.0,73,26,1024,36,0,0,0,0,1,2,Alto valor maduro
46734.0,54,12,147,86,0,1,0,1,2,3,Risco de desengajamento
56253.0,57,22,592,83,0,0,0,0,1,2,Alto valor maduro
58330.0,45,24,913,87,0,0,0,0,1,1,Alto valor ativo
25965.0,40,6,63,29,0,0,0,0,0,0,Entrada / baixo investimento
14661.0,64,5,24,88,0,0,0,0,0,3,Risco de desengajamento
18690.0,61,5,41,77,0,0,0,0,0,3,Risco de desengajamento
45068.0,46,4,17,25,0,0,0,0,1,0,Entrada / baixo investimento
21063.0,33,7,44,34,0,0,0,1,0,0,Entrada / baixo investimento
29187.0,52,5,32,43,0,0,0,1,0,0,Entrada / baixo investimento
54690.0,49,12,180,76,0,0,0,1,1,3,Risco de desengajamento
59304.0,56,28,1038,81,0,0,0,0,1,2,Alto valor maduro
59247.0,58,21,491,87,0,0,0,0,2,2,Alto valor maduro
66731.0,50,17,888,33,0,0,0,0,1,1,Alto valor ativo
77353.0,40,20,611,38,0,0,0,0,1,1,Alto valor ativo
26751.0,46,4,10,26,0,0,0,2,0,0,Entrada / baixo investimento
81300.0,57,21,1205,17,1,1,0,0,1,2,Alto valor maduro
70337.0,41,17,485,75,0,0,0,0,0,1,Alto valor ativo
36145.0,35,12,154,13,1,1,0,1,0,0,Entrada / baixo investimento
65295.0,40,20,658,19,0,0,0,0,0,1,Alto valor ativo
68118.0,57,23,774,51,0,0,0,0,1,2,Alto valor maduro
68743.0,53,30,1959,81,0,0,0,0,0,1,Alto valor ativo
41039.0,38,15,422,32,0,0,0,0,0,0,Entrada / baixo investimento
38946.0,65,12,216,84,0,0,0,0,1,3,Risco de desengajamento
65777.0,53,17,1092,87,0,0,0,0,0,1,Alto valor ativo
66476.0,44,20,611,99,0,0,0,0,1,1,Alto valor ativo
86857.0,48,22,2074,96,1,0,0,0,0,1,Alto valor ativo
77845.0,31,21,1320,40,0,2,0,0,0,1,Alto valor ativo
69476.0,51,15,977,3,0,0,0,0,0,1,Alto valor ativo
50611.0,60,22,489,98,1,1,0,0,1,2,Alto valor maduro
61209.0,50,13,858,73,0,0,0,0,0,1,Alto valor ativo
42315.0,62,12,190,90,0,0,0,0,1,3,Risco de desengajamento
13084.0,68,5,19,29,0,0,0,0,0,0,Entrada / baixo investimento
47570.0,71,9,90,3,1,0,0,1,1,0,Entrada / baixo investimento
61923.0,59,8,120,94,0,0,0,0,2,3,Risco de desengajamento
34824.0,25,4,19,65,0,0,0,0,0,3,Risco de desengajamento
26518.0,71,8,55,33,1,0,0,1,1,0,Entrada / baixo investimento
45938.0,59,20,607,46,0,0,0,0,0,2,Alto valor maduro
78468.0,60,28,970,29,0,1,0,0,0,2,Alto valor maduro
78901.0,47,20,700,99,0,0,0,0,1,1,Alto valor ativo
71427.0,42,20,591,26,0,0,0,2,0,1,Alto valor ativo
71022.0,42,21,1211,30,0,1,0,0,1,1,Alto valor ativo
90247.0,32,15,1605,27,1,3,0,0,0,1,Alto valor ativo
41335.0,52,12,182,24,0,0,0,1,0,0,Entrada / baixo investimento
35682.0,50,6,39,34,0,0,0,1,0,0,Entrada / baixo investimento
43185.0,69,20,607,88,0,0,0,0,1,2,Alto valor maduro
66375.0,72,14,757,96,0,1,0,0,1,2,Alto valor maduro
25252.0,34,4,12,26,0,0,0,1,0,0,Entrada / baixo investimento
55250.0,55,26,837,49,0,0,0,0,1,2,Alto valor maduro
33249.0,45,8,70,11,0,0,0,1,0,0,Entrada / baixo investimento
58398.0,67,20,547,44,0,0,0,0,0,2,Alto valor maduro
50272.0,38,13,229,75,0,0,0,1,0,3,Risco de desengajamento
76618.0,45,11,1364,64,0,0,0,0,0,1,Alto valor ativo
87305.0,60,17,1072,19,1,1,0,0,0,2,Alto valor maduro
25851.0,42,7,43,45,0,0,0,1,0,0,Entrada / baixo investimento
58710.0,50,31,1011,77,0,0,0,0,1,1,Alto valor ativo
45160.0,62,4,18,9,0,0,0,1,1,0,Entrada / baixo investimento
74806.0,55,16,956,1,0,0,0,0,1,2,Alto valor maduro
59111.0,66,21,714,90,0,0,0,0,0,2,Alto valor maduro
18988.0,36,6,15,43,0,0,0,1,0,0,Entrada / baixo investimento
72190.0,55,16,1698,79,0,0,0,0,0,1,Alto valor ativo
7500.0,44,12,39,19,1,1,0,1,0,0,Entrada / baixo investimento
80395.0,65,24,1332,62,0,1,0,0,0,2,Alto valor maduro
75012.0,44,23,876,41,0,0,0,0,0,1,Alto valor ativo
56962.0,55,21,385,60,0,0,0,2,1,2,Alto valor maduro
89891.0,29,26,653,17,0,1,0,0,0,1,Alto valor ativo
35946.0,71,4,11,24,0,0,0,1,1,0,Entrada / baixo investimento
53593.0,67,23,437,60,0,0,0,1,1,2,Alto valor maduro
45072.0,72,16,254,74,0,0,0,1,2,2,Alto valor maduro
89694.0,47,14,1430,22,0,3,0,1,1,1,Alto valor ativo
72025.0,71,26,1677,46,1,3,0,0,0,2,Alto valor maduro
67432.0,47,19,1165,69,0,0,0,0,1,1,Alto valor ativo
70545.0,68,13,313,29,0,0,0,0,1,2,Alto valor maduro
17487.0,31,4,12,37,0,0,0,1,0,0,Entrada / baixo investimento
62882.0,51,20,1241,26,0,0,0,0,1,1,Alto valor ativo
64108.0,67,30,1078,8,0,0,0,0,1,2,Alto valor maduro
34941.0,64,8,73,26,0,0,0,1,1,0,Entrada / baixo investimento
48767.0,70,9,53,79,0,0,0,1,2,3,Risco de desengajamento
38702.0,42,9,69,71,0,0,0,1,0,3,Risco de desengajamento
82224.0,56,21,862,83,0,1,0,0,0,2,Alto valor maduro
83844.0,68,20,1383,57,0,1,0,0,0,2,Alto valor maduro
17003.0,45,9,31,37,0,0,0,1,0,0,Entrada / baixo investimento
71163.0,25,24,916,30,0,0,0,0,0,1,Alto valor ativo
33697.0,50,4,17,34,0,1,0,1,0,0,Entrada / baixo investimento
63564.0,66,28,1150,0,1,1,0,0,0,2,Alto valor maduro
83443.0,48,22,1413,89,0,0,0,0,0,1,Alto valor ativo
51518.0,62,17,445,92,0,0,0,0,1,3,Risco de desengajamento
80952.0,51,25,1713,20,1,3,0,0,0,1,Alto valor ativo
75507.0,41,21,1360,56,0,0,0,0,0,1,Alto valor ativo
63855.0,42,24,917,28,0,0,0,0,0,1,Alto valor ativo
62220.0,48,23,1214,55,1,0,0,0,1,1,Alto valor ativo
58512.0,56,20,1019,25,0,0,0,0,1,2,Alto valor maduro
40662.0,41,8,69,0,0,0,0,1,0,0,Entrada / baixo investimento
38829.0,61,8,83,86,0,0,0,0,1,3,Risco de desengajamento
35523.0,39,8,55,8,0,0,0,1,0,0,Entrada / baixo investimento
79146.0,53,19,548,33,0,0,0,1,1,2,Alto valor maduro
78285.0,32,21,1387,13,0,0,0,0,0,1,Alto valor ativo
31626.0,42,6,52,12,1,1,0,1,0,0,Entrada / baixo investimento
75127.0,68,19,606,92,0,0,0,0,0,2,Alto valor maduro
48726.0,65,12,183,90,0,0,0,0,1,3,Risco de desengajamento
74985.0,43,17,1783,8,0,0,0,0,0,1,Alto valor ativo
67430.0,33,29,1243,6,0,0,0,0,0,1,Alto valor ativo
46891.0,55,8,122,91,0,0,0,0,1,3,Risco de desengajamento
62058.0,64,18,392,52,0,0,0,0,1,2,Alto valor maduro
72063.0,41,21,668,3,0,0,0,0,1,1,Alto valor ativo
78939.0,69,20,1302,57,0,0,0,0,0,2,Alto valor maduro
42720.0,55,25,542,9,1,0,0,1,1,2,Alto valor maduro
33622.0,48,9,69,22,0,0,0,1,1,0,Entrada / baixo investimento
6835.0,63,1,125,76,0,0,0,0,1,3,Risco de desengajamento
41452.0,67,4,16,86,0,0,0,1,1,3,Risco de desengajamento
40760.0,55,8,87,64,0,0,0,0,1,3,Risco de desengajamento
74250.0,62,18,1158,90,0,0,0,0,0,2,Alto valor maduro
51124.0,65,6,39,79,0,0,0,1,1,3,Risco de desengajamento
72258.0,49,22,1391,28,0,0,0,0,1,1,Alto valor ativo
71466.0,46,19,1230,86,0,0,0,0,0,1,Alto valor ativo
36283.0,44,6,24,42,0,0,0,1,1,0,Entrada / baixo investimento
20587.0,50,5,16,39,0,0,0,1,0,0,Entrada / baixo investimento
30467.0,48,4,19,8,0,0,0,1,0,0,Entrada / baixo investimento
31590.0,48,5,35,40,0,0,0,1,0,0,Entrada / baixo investimento
20425.0,34,7,40,5,0,0,0,1,0,0,Entrada / baixo investimento
17144.0,60,12,41,96,0,0,0,1,1,3,Risco de desengajamento
42564.0,52,24,615,28,1,1,0,0,1,2,Alto valor maduro
43783.0,42,22,490,22,0,1,0,1,0,0,Entrada / baixo investimento
40780.0,44,17,343,30,0,0,0,0,1,0,Entrada / baixo investimento
62847.0,75,14,1551,45,0,0,0,0,0,2,Alto valor maduro
82017.0,63,17,706,58,1,3,0,0,0,2,Alto valor maduro
16813.0,70,6,37,49,0,1,0,0,0,3,Risco de desengajamento
51267.0,42,15,258,37,0,0,0,1,1,0,Entrada / baixo investimento
46524.0,59,9,125,70,0,0,0,0,1,3,Risco de desengajamento
45183.0,58,13,303,33,0,1,0,0,0,0,Entrada / baixo investimento
70421.0,66,23,732,98,0,0,0,0,1,2,Alto valor maduro
60161.0,55,26,894,17,0,0,0,0,1,2,Alto valor maduro
73926.0,47,24,1565,54,0,0,0,0,0,1,Alto valor ativo
19329.0,52,10,55,39,0,0,0,1,0,0,Entrada / baixo investimento
61872.0,50,21,557,81,0,0,0,0,1,1,Alto valor ativo
46984.0,64,5,33,71,0,0,0,1,1,3,Risco de desengajamento
34838.0,69,10,123,62,0,0,0,1,1,3,Risco de desengajamento
82716.0,76,28,1145,8,0,0,0,0,0,2,Alto valor maduro
48192.0,62,25,1497,76,1,3,0,0,0,2,Alto valor maduro
49681.0,44,21,437,66,0,0,0,0,2,1,Alto valor ativo
56850.0,49,6,63,83,0,0,0,0,1,3,Risco de desengajamento
55267.0,63,17,360,28,0,0,0,0,1,2,Alto valor maduro
59666.0,48,20,894,87,0,1,0,1,1,1,Alto valor ativo
72504.0,48,22,1384,43,0,0,0,0,1,1,Alto valor ativo
26872.0,39,5,40,0,0,0,0,0,0,0,Entrada / baixo investimento
21359.0,48,7,38,1,1,0,0,1,0,0,Entrada / baixo investimento
73170.0,45,16,694,1,0,0,0,0,0,1,Alto valor ativo
52750.0,65,27,791,72,0,0,0,0,1,2,Alto valor maduro
91820.0,34,22,1467,72,0,0,0,0,0,1,Alto valor ativo
65968.0,50,18,491,12,0,0,0,0,1,2,Alto valor maduro
30772.0,44,4,16,89,0,0,0,1,1,3,Risco de desengajamento
22507.0,66,19,502,67,0,0,0,0,0,3,Risco de desengajamento
65685.0,48,21,712,54,0,0,0,0,1,1,Alto valor ativo
25804.0,42,7,43,34,0,0,0,1,0,0,Entrada / baixo investimento
76412.0,40,18,1791,15,1,2,0,0,0,1,Alto valor ativo
22063.0,48,7,44,43,0,0,0,1,0,0,Entrada / baixo investimento
57091.0,59,18,540,0,1,1,0,0,0,2,Alto valor maduro
78353.0,61,24,1542,51,0,0,0,0,1,2,Alto valor maduro
93404.0,66,17,1601,97,0,2,0,1,2,2,Alto valor maduro
37859.0,58,6,34,75,0,0,0,1,2,3,Risco de desengajamento
80995.0,62,22,1426,83,0,0,0,0,1,2,Alto valor maduro
16529.0,36,5,21,23,0,0,0,1,0,0,Entrada / baixo investimento
55412.0,44,6,55,65,0,0,0,1,1,3,Risco de desengajamento
48789.0,28,18,535,94,0,0,0,0,0,3,Risco de desengajamento
56575.0,53,20,532,42,0,0,0,0,2,2,Alto valor maduro
25130.0,40,7,32,10,0,0,0,1,0,0,Entrada / baixo investimento
35441.0,53,6,38,94,0,0,0,1,1,3,Risco de desengajamento
71391.0,64,28,902,50,0,0,0,0,1,2,Alto valor maduro
49494.0,48,14,303,46,0,0,0,1,0,0,Entrada / baixo investimento
81702.0,40,27,1446,98,0,0,0,0,0,1,Alto valor ativo
45889.0,40,5,38,42,0,0,0,0,1,0,Entrada / baixo investimento
56628.0,43,20,590,30,0,1,0,0,1,1,Alto valor ativo
34026.0,70,9,59,11,0,0,0,1,1,0,Entrada / baixo investimento
40049.0,46,14,262,61,0,0,0,0,1,3,Risco de desengajamento
19419.0,39,11,63,76,0,0,0,1,0,3,Risco de desengajamento
82504.0,60,17,1012,2,0,0,0,0,0,2,Alto valor maduro
81205.0,50,19,1879,43,1,3,0,0,0,1,Alto valor ativo
61618.0,29,19,1140,27,0,0,0,0,0,1,Alto valor ativo
55284.0,64,23,701,60,0,0,0,0,1,2,Alto valor maduro
49980.0,57,11,181,79,0,0,0,0,1,3,Risco de desengajamento
15072.0,40,11,35,96,0,0,0,2,0,3,Risco de desengajamento
49166.0,46,13,258,17,0,0,0,0,1,0,Entrada / baixo investimento
82347.0,63,25,1790,38,0,2,0,0,0,2,Alto valor maduro
30843.0,54,6,26,43,0,1,0,1,1,0,Entrada / baixo investimento
46374.0,46,18,429,1,1,2,0,0,1,0,Entrada / baixo investimento
60474.0,41,31,1010,25,0,0,0,0,1,1,Alto valor ativo
38576.0,47,5,41,2,0,0,0,0,1,0,Entrada / baixo investimento
55357.0,35,22,663,66,0,0,0,2,0,1,Alto valor ativo
37758.0,54,6,39,49,0,0,0,1,1,3,Risco de desengajamento
85710.0,31,26,1029,5,0,1,0,0,0,1,Alto valor ativo
23228.0,51,7,40,71,0,0,0,1,0,3,Risco de desengajamento
44602.0,51,17,258,35,0,0,0,1,1,0,Entrada / baixo investimento
7500.0,33,4,10,94,0,0,0,0,0,3,Risco de desengajamento
38683.0,31,17,275,80,0,0,0,1,0,3,Risco de desengajamento
49514.0,45,13,276,61,0,0,0,1,0,3,Risco de desengajamento
57906.0,47,17,386,29,0,0,0,0,1,0,Entrada / baixo investimento
43456.0,54,17,386,0,0,0,0,0,1,0,Entrada / baixo investimento
19485.0,34,4,10,80,0,0,0,2,0,3,Risco de desengajamento
53172.0,42,16,361,54,0,0,0,0,1,3,Risco de desengajamento
30545.0,41,7,57,71,0,0,0,1,0,3,Risco de desengajamento
70123.0,37,17,1727,27,0,2,0,0,0,1,Alto valor ativo
62450.0,61,16,957,61,0,1,0,0,1,2,Alto valor maduro
21675.0,44,10,41,55,0,0,0,1,0,3,Risco de desengajamento
42395.0,39,12,157,35,0,0,0,1,1,0,Entrada / baixo investimento
61346.0,42,23,847,34,0,0,0,1,0,1,Alto valor ativo
80812.0,67,18,1644,95,0,3,0,0,0,2,Alto valor maduro
42835.0,49,23,497,64,0,0,0,1,1,2,Alto valor maduro
39922.0,37,9,120,30,0,0,0,1,0,0,Entrada / baixo investimento
86424.0,64,28,1158,12,0,0,0,0,0,2,Alto valor maduro
17117.0,42,11,121,96,0,0,0,1,0,3,Risco de desengajamento
24762.0,48,9,46,16,1,1,0,1,0,0,Entrada / baixo investimento
35797.0,45,7,47,16,0,0,0,0,1,0,Entrada / baixo investimento
36627.0,45,4,15,78,0,0,0,2,0,3,Risco de desengajamento
51111.0,39,7,52,83,0,0,0,1,1,3,Risco de desengajamento
82072.0,50,19,1889,67,0,0,0,0,0,1,Alto valor ativo
46231.0,67,15,251,87,0,0,0,2,1,3,Risco de desengajamento
42243.0,61,7,50,34,0,0,0,1,1,0,Entrada / baixo investimento
51195.0,58,24,506,46,0,0,0,1,1,2,Alto valor maduro
68092.0,42,20,1233,7,0,0,0,0,0,1,Alto valor ativo
31814.0,47,7,63,73,0,1,0,1,0,3,Risco de desengajamento
51390.0,55,18,297,54,0,0,0,1,1,2,Alto valor maduro
76630.0,37,25,828,93,0,0,0,0,0,1,Alto valor ativo
26868.0,29,4,12,52,0,0,0,1,0,0,Entrada / baixo investimento
55260.0,48,25,897,81,0,0,0,0,1,1,Alto valor ativo
64090.0,64,20,662,8,1,0,0,0,1,2,Alto valor maduro
78331.0,62,25,1577,97,0,0,0,0,1,2,Alto valor maduro
37087.0,46,17,398,50,0,0,0,1,0,3,Risco de desengajamento
21846.0,34,11,58,38,0,0,0,1,0,0,Entrada / baixo investimento
81320.0,62,18,871,61,0,0,0,0,0,2,Alto valor maduro
54137.0,50,11,183,46,0,0,0,0,1,0,Entrada / baixo investimento
66825.0,53,16,818,73,0,0,0,0,0,2,Alto valor maduro
57100.0,47,13,313,19,0,0,0,0,0,0,Entrada / baixo investimento
58917.0,51,16,254,10,0,0,0,1,2,0,Entrada / baixo investimento
85072.0,43,18,1182,94,0,0,0,0,0,1,Alto valor ativo
86429.0,59,18,1412,10,1,1,0,0,0,2,Alto valor maduro
45684.0,49,4,21,37,0,0,0,1,0,0,Entrada / baixo investimento
47889.0,46,6,63,94,0,0,0,1,0,3,Risco de desengajamento
45921.0,34,10,187,23,0,0,0,0,0,0,Entrada / baixo investimento
78420.0,54,22,1425,75,0,0,0,0,0,1,Alto valor ativo
75114.0,28,19,1229,40,0,0,0,0,0,1,Alto valor ativo
52278.0,57,31,1024,24,1,0,0,0,1,2,Alto valor maduro
35641.0,48,10,150,11,1,0,0,1,0,0,Entrada / baixo investimento
95529.0,26,18,1966,29,1,1,0,0,0,1,Alto valor ativo
62820.0,66,14,923,51,0,0,0,0,0,2,Alto valor maduro
73113.0,60,15,973,86,0,0,0,0,0,2,Alto valor maduro
42607.0,66,14,303,30,0,0,0,0,1,0,Entrada / baixo investimento
74637.0,66,25,1634,73,0,1,0,0,0,2,Alto valor maduro
46015.0,65,5,40,25,0,2,0,1,1,0,Entrada / baixo investimento
72354.0,27,19,1046,67,0,0,0,0,0,1,Alto valor ativo
39858.0,51,7,69,67,1,0,0,1,0,3,Risco de desengajamento
34469.0,72,9,50,58,0,0,0,1,1,3,Risco de desengajamento
83033.0,34,26,1728,82,0,1,0,1,0,1,Alto valor ativo
24401.0,41,16,352,98,0,0,0,0,0,3,Risco de desengajamento
77583.0,42,19,1041,93,0,1,0,0,0,1,Alto valor ativo
74116.0,38,19,1886,53,0,1,0,0,0,1,Alto valor ativo
68397.0,44,21,1336,6,0,0,0,0,1,1,Alto valor ativo
79632.0,46,20,1101,42,0,0,0,0,0,1,Alto valor ativo
46107.0,31,7,92,78,0,0,0,1,0,3,Risco de desengajamento
64950.0,69,25,903,29,0,1,0,0,1,2,Alto valor maduro
25443.0,31,5,25,82,0,0,0,1,0,3,Risco de desengajamento
32892.0,49,8,44,78,0,0,0,1,0,3,Risco de desengajamento
71796.0,49,17,928,54,0,0,0,0,0,1,Alto valor ativo
67536.0,50,30,1794,45,0,1,0,0,1,1,Alto valor ativo
55239.0,49,26,673,59,0,0,0,0,1,1,Alto valor ativo
60554.0,45,23,796,8,0,0,0,1,0,1,Alto valor ativo
64831.0,68,22,976,51,0,0,0,1,1,2,Alto valor maduro
56067.0,58,20,605,51,0,0,0,0,1,2,Alto valor maduro
82025.0,37,12,1089,76,1,1,0,0,0,1,Alto valor ativo
94384.0,67,18,2130,62,1,3,0,0,0,2,Alto valor maduro
14906.0,34,9,51,86,0,0,0,0,0,3,Risco de desengajamento
51563.0,33,19,1214,60,0,2,0,0,0,1,Alto valor ativo
57937.0,38,20,550,56,0,0,0,0,1,1,Alto valor ativo
68274.0,41,13,259,83,0,0,0,1,1,3,Risco de desengajamento
39771.0,43,6,36,92,0,0,0,1,0,3,Risco de desengajamento
67893.0,45,16,948,31,0,0,0,0,1,1,Alto valor ativo
27922.0,41,6,30,80,0,0,0,1,0,3,Risco de desengajamento
52190.0,44,9,59,39,0,1,0,1,1,0,Entrada / baixo investimento
44051.0,47,12,153,20,1,0,0,1,1,0,Entrada / baixo investimento
42767.0,49,7,93,53,0,0,0,2,0,3,Risco de desengajamento
46106.0,44,5,40,84,0,0,0,1,1,3,Risco de desengajamento
16927.0,44,12,49,50,0,0,0,1,1,0,Entrada / baixo investimento
59754.0,55,16,336,96,1,0,0,0,1,3,Risco de desengajamento
53700.0,68,22,611,94,0,0,0,0,1,2,Alto valor maduro
59041.0,47,8,90,25,0,0,0,1,1,0,Entrada / baixo investimento
54237.0,63,16,304,48,0,0,0,0,1,2,Alto valor maduro
70647.0,53,26,965,65,0,0,0,0,1,1,Alto valor ativo
52597.0,58,20,536,69,0,0,0,0,1,2,Alto valor maduro
41021.0,51,7,52,12,1,0,0,1,0,0,Entrada / baixo investimento
40233.0,45,13,147,84,0,0,0,0,1,3,Risco de desengajamento
50183.0,40,17,216,47,0,0,0,1,1,0,Entrada / baixo investimento
54753.0,61,21,597,87,0,0,0,0,1,2,Alto valor maduro
92955.0,47,23,1694,35,1,2,0,0,0,1,Alto valor ativo
33471.0,47,10,81,47,0,0,0,1,0,0,Entrada / baixo investimento
34596.0,46,4,16,48,1,0,0,1,0,0,Entrada / baixo investimento
44010.0,40,24,614,46,0,0,0,1,0,1,Alto valor ativo
84219.0,32,18,1153,27,0,0,0,0,0,1,Alto valor ativo
40706.0,52,11,76,37,0,0,0,2,1,0,Entrada / baixo investimento
15716.0,32,10,66,8,0,0,1,1,0,0,Entrada / baixo investimento
59052.0,61,18,460,29,0,0,0,0,1,2,Alto valor maduro
80573.0,49,24,1549,85,0,0,0,0,0,1,Alto valor ativo
83715.0,58,24,918,2,0,0,0,0,0,2,Alto valor maduro
82576.0,61,19,1892,66,0,1,0,0,0,2,Alto valor maduro
35704.0,68,9,64,54,0,0,0,1,1,3,Risco de desengajamento
53103.0,66,28,890,70,0,1,0,0,1,2,Alto valor maduro
46779.0,60,4,16,55,0,0,0,1,1,3,Risco de desengajamento
4861.0,55,0,5,20,0,0,0,0,0,0,Entrada / baixo investimento
33462.0,41,6,43,78,0,0,0,1,0,3,Risco de desengajamento
80763.0,70,23,1184,17,1,2,0,0,0,2,Alto valor maduro
65352.0,46,16,382,43,0,0,0,0,1,1,Alto valor ativo
82170.0,42,19,1871,13,0,0,0,0,0,1,Alto valor ativo
75759.0,51,26,2304,46,1,3,0,0,0,1,Alto valor ativo
79689.0,44,27,1194,65,0,0,0,0,0,1,Alto valor ativo
35340.0,64,7,40,1,0,0,0,1,1,0,Entrada / baixo investimento
85683.0,66,17,1738,6,1,4,0,0,0,2,Alto valor maduro
24884.0,48,4,16,32,0,0,0,1,0,0,Entrada / baixo investimento
42021.0,39,22,546,34,0,1,0,1,0,1,Alto valor ativo
64449.0,31,24,735,70,0,0,0,1,0,1,Alto valor ativo
64587.0,66,8,88,49,0,0,0,1,1,3,Risco de desengajamento
75437.0,42,23,1493,25,0,1,0,0,0,1,Alto valor ativo
52845.0,47,25,872,7,0,1,0,1,0,1,Alto valor ativo
46086.0,64,16,293,34,0,0,0,0,1,2,Alto valor maduro
78028.0,64,20,490,38,1,2,0,0,1,2,Alto valor maduro
95169.0,33,12,1881,1,1,2,0,0,0,1,Alto valor ativo
56337.0,39,22,542,25,1,2,0,1,1,1,Alto valor ativo
22434.0,33,7,43,25,0,0,0,1,0,0,Entrada / baixo investimento
36930.0,66,16,258,50,0,0,0,0,1,3,Risco de desengajamento
36130.0,66,21,451,46,1,1,0,0,1,2,Alto valor maduro
65569.0,67,23,789,96,0,0,0,0,1,2,Alto valor maduro
19514.0,52,10,41,47,0,1,0,1,1,0,Entrada / baixo investimento
36736.0,57,4,13,52,0,0,0,1,1,3,Risco de desengajamento
77568.0,41,21,2036,30,0,3,0,0,1,1,Alto valor ativo
49187.0,44,8,116,63,0,0,0,0,1,3,Risco de desengajamento
30168.0,42,18,252,51,0,0,0,1,0,3,Risco de desengajamento
34053.0,52,7,91,14,0,0,0,0,1,0,Entrada / baixo investimento
38196.0,49,9,41,20,0,0,0,1,1,0,Entrada / baixo investimento
59412.0,69,15,395,56,0,0,0,0,0,2,Alto valor maduro
70924.0,55,20,1287,41,0,1,0,0,0,2,Alto valor maduro
54165.0,51,11,225,72,0,0,0,0,0,3,Risco de desengajamento
32300.0,47,5,33,1,0,0,0,1,0,0,Entrada / baixo investimento
20180.0,44,8,119,27,0,0,0,0,0,0,Entrada / baixo investimento
34961.0,47,10,78,77,0,0,0,1,0,3,Risco de desengajamento
28440.0,46,6,63,87,0,0,0,1,0,3,Risco de desengajamento
64504.0,67,25,1206,81,1,0,0,1,2,2,Alto valor maduro
33564.0,54,6,64,51,0,0,0,0,1,3,Risco de desengajamento
17345.0,42,7,46,79,0,0,0,1,0,3,Risco de desengajamento
56320.0,53,21,619,11,0,0,0,0,1,2,Alto valor maduro
28647.0,42,7,68,54,1,1,0,1,0,3,Risco de desengajamento
15038.0,33,7,54,93,0,0,0,1,0,3,Risco de desengajamento
32173.0,62,5,20,0,0,0,0,0,1,0,Entrada / baixo investimento
68316.0,56,32,1178,54,0,0,0,0,1,2,Alto valor maduro
74538.0,49,22,1433,21,1,1,0,0,0,1,Alto valor ativo
91700.0,49,20,1949,58,1,0,0,0,0,1,Alto valor ativo
68695.0,51,16,1051,3,0,0,0,0,0,1,Alto valor ativo
31056.0,43,5,39,99,0,0,0,1,0,3,Risco de desengajamento
28071.0,40,13,269,65,0,0,0,0,0,3,Risco de desengajamento
37334.0,62,11,47,44,0,0,0,1,1,0,Entrada / baixo investimento
46423.0,48,9,84,6,0,0,0,1,1,0,Entrada / baixo investimento
37126.0,49,6,65,9,1,1,0,1,0,0,Entrada / baixo investimento
47703.0,67,21,532,95,0,0,0,0,1,2,Alto valor maduro
61180.0,61,18,486,70,0,1,0,0,1,2,Alto valor maduro
38998.0,66,8,49,92,0,0,1,1,1,3,Risco de desengajamento
8028.0,29,16,176,62,0,0,0,0,0,3,Risco de desengajamento
76081.0,58,14,833,85,0,1,0,0,0,2,Alto valor maduro
34728.0,34,5,30,2,1,0,0,1,0,0,Entrada / baixo investimento
33168.0,55,10,119,0,0,0,0,0,1,0,Entrada / baixo investimento
33585.0,54,7,93,91,0,0,0,0,1,3,Risco de desengajamento
77037.0,60,27,1113,3,0,0,0,0,1,2,Alto valor maduro
35196.0,36,18,310,68,1,0,0,1,0,3,Risco de desengajamento
44529.0,54,25,665,98,0,1,0,0,1,2,Alto valor maduro
28764.0,54,4,11,16,0,1,0,1,1,0,Entrada / baixo investimento
69098.0,71,25,2262,82,0,0,0,0,0,2,Alto valor maduro
25959.0,50,7,30,1,1,0,0,1,1,0,Entrada / baixo investimento
27100.0,37,5,27,64,0,0,0,1,0,3,Risco de desengajamento
70596.0,35,21,942,68,0,0,0,0,0,1,Alto valor ativo
42557.0,46,15,255,98,0,0,0,0,1,3,Risco de desengajamento
53312.0,69,12,253,32,0,0,0,0,0,2,Alto valor maduro
72228.0,68,22,1194,87,0,0,0,0,0,2,Alto valor maduro
67605.0,33,17,884,84,0,0,0,0,0,1,Alto valor ativo
62845.0,71,28,1144,3,0,1,0,1,1,2,Alto valor maduro
65196.0,62,26,955,34,0,1,0,0,2,2,Alto valor maduro
42000.0,33,20,618,23,1,0,0,0,0,0,Entrada / baixo investimento
35860.0,47,6,29,37,0,1,0,1,1,0,Entrada / baixo investimento
65526.0,56,17,497,22,0,0,0,0,1,2,Alto valor maduro
16860.0,59,8,24,19,0,0,0,1,1,0,Entrada / baixo investimento
83528.0,28,23,1503,7,1,2,0,0,0,1,Alto valor ativo
64176.0,55,33,1677,52,0,0,0,0,1,1,Alto valor ativo
22304.0,64,4,16,91,0,0,0,0,0,3,Risco de desengajamento
67023.0,42,24,889,93,0,0,1,0,0,1,Alto valor ativo
70713.0,54,25,1287,23,0,0,0,0,1,1,Alto valor ativo
59925.0,65,23,710,83,0,0,0,0,1,2,Alto valor maduro
39722.0,67,7,39,92,0,0,0,0,1,3,Risco de desengajamento
46610.0,62,14,342,4,0,0,0,0,0,0,Entrada / baixo investimento
88347.0,59,21,1998,32,0,1,0,0,0,1,Alto valor ativo
87171.0,39,25,1254,27,0,2,0,0,0,1,Alto valor ativo
26907.0,44,6,20,10,0,0,0,1,1,0,Entrada / baixo investimento
50014.0,52,15,354,9,0,0,0,1,0,0,Entrada / baixo investimento
41014.0,42,4,17,65,0,0,0,1,0,3,Risco de desengajamento
66294.0,55,13,850,68,0,0,0,0,0,2,Alto valor maduro
36715.0,49,19,341,16,1,0,0,1,0,0,Entrada / baixo investimento
79456.0,64,16,1302,12,1,0,0,0,0,2,Alto valor maduro
40479.0,38,4,15,95,0,0,0,1,0,3,Risco de desengajamento
75345.0,50,20,1954,16,1,1,0,0,0,1,Alto valor ativo
54233.0,43,26,839,46,0,0,0,0,1,1,Alto valor ativo
24163.0,50,6,15,3,0,0,0,1,1,0,Entrada / baixo investimento
84460.0,62,22,442,80,1,4,0,0,0,2,Alto valor maduro
43776.0,37,4,20,77,0,0,0,1,0,3,Risco de desengajamento
71691.0,62,17,1149,0,1,0,0,0,0,2,Alto valor maduro
85844.0,47,20,1920,62,0,1,0,0,0,1,Alto valor ativo
39190.0,46,9,121,91,0,0,0,1,0,3,Risco de desengajamento
38578.0,48,9,70,2,0,0,0,1,1,0,Entrada / baixo investimento
57236.0,55,10,117,22,0,0,0,1,1,0,Entrada / baixo investimento
61825.0,41,15,397,56,0,0,0,0,1,1,Alto valor ativo
79803.0,62,13,835,54,0,0,0,0,1,2,Alto valor maduro
80910.0,34,15,715,71,0,0,0,0,0,1,Alto valor ativo
27590.0,38,4,11,38,0,0,0,1,0,0,Entrada / baixo investimento
56775.0,41,25,902,62,0,0,0,0,1,1,Alto valor ativo
83829.0,45,17,1835,78,1,3,0,0,0,1,Alto valor ativo
54210.0,41,14,322,18,0,0,0,0,1,0,Entrada / baixo investimento
38508.0,34,20,389,95,0,0,0,1,0,3,Risco de desengajamento
53187.0,50,13,257,66,0,0,0,1,0,3,Risco de desengajamento
30023.0,48,6,40,28,0,0,0,1,0,0,Entrada / baixo investimento
76045.0,60,21,1323,78,0,1,0,0,0,2,Alto valor maduro
50870.0,68,6,61,13,0,0,0,0,1,0,Entrada / baixo investimento
65463.0,46,19,546,17,0,1,0,1,0,1,Alto valor ativo
66480.0,55,19,306,71,0,0,0,1,1,2,Alto valor maduro
76773.0,66,16,1140,79,0,0,0,0,0,2,Alto valor maduro
81698.0,37,16,1059,1,1,1,0,0,0,1,Alto valor ativo
54466.0,47,4,16,78,0,0,0,1,1,3,Risco de desengajamento
16269.0,36,9,44,75,0,0,0,1,0,3,Risco de desengajamento
71819.0,49,14,1406,70,0,2,0,0,1,1,Alto valor ativo
33569.0,37,5,39,10,1,1,0,1,0,0,Entrada / baixo investimento
36262.0,37,12,273,24,1,1,0,0,0,0,Entrada / baixo investimento
22634.0,54,6,50,47,0,0,0,0,0,0,Entrada / baixo investimento
47025.0,42,23,606,98,0,0,0,0,1,1,Alto valor ativo
70566.0,52,22,736,4,0,0,0,0,1,2,Alto valor maduro
31605.0,41,9,119,15,0,0,0,1,0,0,Entrada / baixo investimento
52034.0,47,16,259,67,0,0,0,1,1,3,Risco de desengajamento
48526.0,41,8,126,32,0,0,0,1,0,0,Entrada / baixo investimento
46734.0,66,14,301,40,0,0,0,0,1,2,Alto valor maduro
39552.0,58,20,343,54,1,0,0,1,1,2,Alto valor maduro
86358.0,54,18,1627,78,0,0,0,1,1,1,Alto valor ativo
46931.0,43,7,62,94,0,0,0,2,1,3,Risco de desengajamento
16581.0,35,4,13,51,0,0,0,0,0,0,Entrada / baixo investimento
63998.0,68,25,1056,42,1,0,0,0,0,2,Alto valor maduro
67381.0,69,17,887,67,0,1,0,0,1,2,Alto valor maduro
25930.0,53,4,11,87,0,0,0,1,1,3,Risco de desengajamento
42693.0,42,5,41,29,0,0,0,1,0,0,Entrada / baixo investimento
85606.0,44,24,1872,89,0,1,0,0,1,1,Alto valor ativo
72903.0,35,21,1974,74,1,3,0,0,0,1,Alto valor ativo
49669.0,46,14,297,97,0,0,0,1,0,3,Risco de desengajamento
36778.0,52,9,73,63,0,0,0,1,1,3,Risco de desengajamento
85696.0,58,20,1301,88,1,0,0,0,0,2,Alto valor maduro
49678.0,59,14,295,81,0,0,0,0,1,3,Risco de desengajamento
37155.0,31,7,71,51,0,0,0,1,0,0,Entrada / baixo investimento
21282.0,42,7,26,76,0,0,0,1,0,3,Risco de desengajamento
33419.0,58,8,68,76,0,0,0,0,1,3,Risco de desengajamento
63285.0,75,25,969,84,0,0,0,0,0,2,Alto valor maduro
21255.0,46,11,58,56,0,0,0,1,0,3,Risco de desengajamento
42162.0,39,9,118,31,1,1,0,1,0,0,Entrada / baixo investimento
54450.0,64,31,652,0,0,0,0,1,1,2,Alto valor maduro
57744.0,66,16,392,91,0,0,0,0,1,2,Alto valor maduro
26576.0,34,4,18,40,1,1,0,1,0,0,Entrada / baixo investimento
57513.0,77,27,1030,59,0,0,0,0,0,2,Alto valor maduro
68142.0,56,24,1422,96,0,0,0,0,1,1,Alto valor ativo
7500.0,41,4,13,61,0,0,0,0,1,3,Risco de desengajamento
83145.0,46,26,1719,14,1,1,0,0,0,1,Alto valor ativo
54197.0,60,12,224,16,0,0,0,0,1,0,Entrada / baixo investimento
23091.0,57,10,46,98,0,0,0,1,1,3,Risco de desengajamento
46049.0,44,26,496,11,1,0,0,1,1,1,Alto valor ativo
56715.0,46,15,1011,52,0,0,0,0,0,1,Alto valor ativo
79410.0,59,11,1357,19,0,0,0,0,0,2,Alto valor maduro
57304.0,69,25,920,61,0,0,0,0,1,2,Alto valor maduro
44375.0,55,12,260,73,0,0,0,0,1,3,Risco de desengajamento
59594.0,55,17,490,74,0,1,0,0,1,2,Alto valor maduro
80685.0,26,21,950,55,0,0,0,0,0,1,Alto valor ativo
40344.0,46,12,216,48,0,0,0,0,1,0,Entrada / baixo investimento
62710.0,48,22,595,53,0,0,0,0,1,1,Alto valor ativo
48985.0,52,6,67,13,0,0,0,0,1,0,Entrada / baixo investimento
35322.0,52,9,93,34,0,0,0,1,2,0,Entrada / baixo investimento
77142.0,72,17,893,54,0,0,0,0,0,2,Alto valor maduro
81657.0,51,16,1047,69,0,0,0,0,0,1,Alto valor ativo
14421.0,24,4,8,81,0,1,0,0,0,3,Risco de desengajamento
74214.0,30,16,1678,3,0,0,0,0,0,1,Alto valor ativo
66726.0,63,17,391,61,0,1,0,1,1,2,Alto valor maduro
23724.0,41,7,61,65,0,0,0,1,0,3,Risco de desengajamento
47353.0,60,13,221,93,0,0,0,0,1,3,Risco de desengajamento
33444.0,68,4,16,24,0,0,0,1,1,0,Entrada / baixo investimento
54386.0,39,17,445,8,0,0,0,0,1,0,Entrada / baixo investimento
28510.0,39,9,72,72,0,0,0,1,1,3,Risco de desengajamento
90638.0,29,18,2429,29,0,1,0,0,0,1,Alto valor ativo
48070.0,70,19,485,33,0,0,1,0,1,2,Alto valor maduro
43140.0,63,11,224,68,0,0,0,0,1,3,Risco de desengajamento
54959.0,59,21,1208,55,1,1,0,0,1,2,Alto valor maduro
15056.0,62,12,48,76,0,0,0,1,1,3,Risco de desengajamento
26954.0,49,4,16,17,0,0,0,1,0,0,Entrada / baixo investimento
22327.0,35,5,19,94,0,0,0,1,0,3,Risco de desengajamento
44393.0,55,7,50,86,0,0,0,1,1,3,Risco de desengajamento
62000.0,68,26,1000,25,0,1,0,0,1,2,Alto valor maduro
31497.0,58,10,151,22,0,0,0,0,1,0,Entrada / baixo investimento
45894.0,46,5,38,15,0,0,0,0,2,0,Entrada / baixo investimento
78579.0,50,16,1713,35,1,0,0,0,0,1,Alto valor ativo
67369.0,51,25,1419,81,1,2,0,0,1,1,Alto valor ativo
58401.0,60,6,67,55,0,0,0,0,1,3,Risco de desengajamento
62307.0,68,9,150,94,0,0,0,0,1,3,Risco de desengajamento
43641.0,51,10,116,50,0,0,0,1,1,3,Risco de desengajamento
70091.0,51,19,1150,11,0,1,0,1,0,1,Alto valor ativo
78075.0,48,14,908,72,0,0,0,0,0,1,Alto valor ativo
59184.0,59,27,1006,6,0,0,0,0,1,2,Alto valor maduro
54809.0,43,12,152,0,0,0,0,1,1,0,Entrada / baixo investimento
58113.0,61,22,674,66,0,0,1,0,1,2,Alto valor maduro
51412.0,62,11,181,42,0,0,0,0,1,0,Entrada / baixo investimento
66636.0,63,17,1084,64,0,0,0,0,0,2,Alto valor maduro
50965.0,64,22,656,87,0,1,0,0,1,2,Alto valor maduro
18351.0,30,6,36,1,0,0,0,0,0,0,Entrada / baixo investimento
40451.0,63,5,39,54,0,1,0,0,2,3,Risco de desengajamento
36317.0,55,9,120,53,0,0,0,0,1,3,Risco de desengajamento
42213.0,63,15,343,96,0,1,0,0,1,3,Risco de desengajamento
65748.0,65,18,511,58,0,0,1,0,1,2,Alto valor maduro
77044.0,48,31,989,12,0,1,0,0,1,1,Alto valor ativo
74918.0,51,21,1988,78,0,1,0,0,0,1,Alto valor ativo
56721.0,48,15,221,64,0,0,0,1,1,3,Risco de desengajamento
42160.0,45,11,120,26,1,0,0,1,1,0,Entrada / baixo investimento
61559.0,55,17,496,8,0,0,0,0,1,2,Alto valor maduro
33629.0,57,13,148,49,0,0,0,1,1,3,Risco de desengajamento
34377.0,57,8,88,55,0,0,0,0,1,3,Risco de desengajamento
8940.0,34,10,59,25,0,0,0,1,0,0,Entrada / baixo investimento
26228.0,47,4,16,50,0,0,0,1,0,0,Entrada / baixo investimento
77297.0,63,22,748,84,0,1,0,0,0,2,Alto valor maduro
40211.0,39,7,62,30,0,1,0,1,1,0,Entrada / baixo investimento
33438.0,62,11,84,81,0,0,0,1,1,3,Risco de desengajamento
75032.0,61,20,1203,74,0,0,0,0,1,2,Alto valor maduro
61284.0,65,22,766,76,0,1,0,0,0,2,Alto valor maduro
22518.0,34,7,34,36,1,1,0,1,0,0,Entrada / baixo investimento
54730.0,45,18,349,64,0,0,0,0,1,3,Risco de desengajamento
38452.0,65,9,70,62,0,0,0,1,1,3,Risco de desengajamento
44421.0,49,14,182,53,0,0,0,1,1,3,Risco de desengajamento
38197.0,34,5,37,86,0,0,0,1,0,3,Risco de desengajamento
41986.0,42,10,51,15,0,0,0,0,1,0,Entrada / baixo investimento
28427.0,37,7,46,67,0,0,0,1,0,3,Risco de desengajamento
37395.0,44,5,28,47,0,0,0,1,0,0,Entrada / baixo investimento
64722.0,49,25,790,47,0,0,0,1,0,1,Alto valor ativo
55249.0,64,8,119,81,0,0,0,0,1,3,Risco de desengajamento
84906.0,48,24,1555,98,0,3,0,0,0,1,Alto valor ativo
44213.0,68,12,145,48,0,0,0,1,1,3,Risco de desengajamento
25707.0,36,5,18,18,0,0,0,1,0,0,Entrada / baixo investimento
59062.0,53,7,62,74,0,0,0,2,1,3,Risco de desengajamento
76624.0,58,23,833,68,0,1,0,0,1,2,Alto valor maduro
66000.0,73,10,666,36,0,0,0,0,0,2,Alto valor maduro
27683.0,42,16,306,90,0,0,0,1,0,3,Risco de desengajamento
1730.0,49,15,7,65,0,0,0,0,0,3,Risco de desengajamento
7500.0,28,11,79,63,0,0,0,1,0,3,Risco de desengajamento
40521.0,52,4,17,82,0,0,0,1,1,3,Risco de desengajamento
20427.0,47,4,9,63,0,0,0,1,0,3,Risco de desengajamento
65106.0,45,27,954,55,0,1,0,0,1,1,Alto valor ativo
69969.0,55,13,1492,64,1,2,0,0,0,1,Alto valor ativo
67433.0,68,28,962,51,0,1,0,0,2,2,Alto valor maduro
77766.0,53,34,1502,97,1,1,0,0,1,1,Alto valor ativo
74716.0,48,17,789,92,0,0,0,0,1,1,Alto valor ativo
55158.0,50,18,395,72,1,0,0,1,1,3,Risco de desengajamento
62972.0,65,16,395,39,1,0,0,0,1,2,Alto valor maduro
74190.0,45,19,577,49,0,0,0,0,1,1,Alto valor ativo
39356.0,44,4,17,21,0,1,0,1,1,0,Entrada / baixo investimento
76653.0,51,23,2153,91,0,2,0,0,0,1,Alto valor ativo
90687.0,37,17,1728,98,1,1,0,0,0,1,Alto valor ativo
73450.0,38,27,1767,85,0,2,0,0,0,1,Alto valor ativo
31454.0,60,8,39,40,0,0,0,1,1,0,Entrada / baixo investimento
47139.0,68,7,60,2,1,0,0,1,1,0,Entrada / baixo investimento
53378.0,57,29,661,41,1,0,0,1,1,2,Alto valor maduro
19656.0,50,9,52,94,0,0,0,1,0,3,Risco de desengajamento
45579.0,72,10,182,10,0,0,0,0,1,0,Entrada / baixo investimento
85485.0,62,19,1329,73,0,0,0,0,0,2,Alto valor maduro
55956.0,76,16,961,22,0,1,0,0,0,2,Alto valor maduro
64191.0,57,24,810,30,0,0,0,0,1,2,Alto valor maduro
38808.0,48,14,216,21,1,1,0,1,0,0,Entrada / baixo investimento
57183.0,54,25,540,51,0,0,0,1,1,2,Alto valor maduro
23748.0,52,9,68,97,0,0,0,1,0,3,Risco de desengajamento
66303.0,49,22,1226,56,0,1,0,0,1,1,Alto valor ativo
37368.0,45,4,20,4,0,1,0,1,0,0,Entrada / baixo investimento
40800.0,56,8,89,77,0,0,1,1,2,3,Risco de desengajamento
71847.0,42,22,982,95,0,1,0,0,0,1,Alto valor ativo
46149.0,45,18,335,36,0,0,0,0,1,0,Entrada / baixo investimento
78687.0,37,19,1889,13,1,1,0,0,0,1,Alto valor ativo
49118.0,49,28,1110,90,1,2,0,0,0,1,Alto valor ativo
37633.0,63,6,37,49,0,0,0,1,1,3,Risco de desengajamento
39767.0,69,17,438,18,0,0,0,0,0,2,Alto valor maduro
26997.0,69,13,290,89,0,0,0,0,0,3,Risco de desengajamento
33986.0,50,5,39,43,0,0,0,1,0,0,Entrada / baixo investimento
57091.0,48,18,492,82,1,1,0,0,1,3,Risco de desengajamento
46831.0,51,7,44,84,0,0,0,1,1,3,Risco de desengajamento
83151.0,48,23,2136,80,1,3,0,0,0,1,Alto valor ativo
52531.0,49,21,669,68,0,0,0,0,0,1,Alto valor ativo
15759.0,64,4,14,12,0,0,0,0,0,0,Entrada / baixo investimento
43050.0,47,8,68,10,0,0,0,1,0,0,Entrada / baixo investimento
42997.0,43,4,10,91,0,0,0,1,1,3,Risco de desengajamento
48918.0,57,7,61,21,0,0,0,1,1,0,Entrada / baixo investimento
60033.0,66,10,150,28,0,0,0,0,1,0,Entrada / baixo investimento
34043.0,42,5,39,97,0,0,0,1,0,3,Risco de desengajamento
57811.0,54,25,724,49,0,1,0,0,1,2,Alto valor maduro
78569.0,74,15,1641,14,1,1,0,0,0,2,Alto valor maduro
7500.0,42,10,32,5,0,0,0,1,1,0,Entrada / baixo investimento
23148.0,35,6,27,83,0,0,0,0,0,3,Risco de desengajamento
44267.0,50,16,261,48,0,0,0,1,1,3,Risco de desengajamento
71626.0,41,19,1233,94,0,1,0,0,0,1,Alto valor ativo
60894.0,54,26,778,61,0,0,0,0,1,2,Alto valor maduro
50200.0,44,19,337,70,0,0,0,1,1,3,Risco de desengajamento
81051.0,55,23,1487,43,0,2,0,0,0,1,Alto valor ativo
65169.0,38,28,1143,23,1,4,0,0,0,1,Alto valor ativo
59868.0,48,32,1040,37,0,0,0,0,1,1,Alto valor ativo
65695.0,60,21,650,50,0,0,0,0,1,2,Alto valor maduro
64857.0,64,23,1497,78,0,0,0,0,0,2,Alto valor maduro
45143.0,55,15,297,74,0,0,0,0,1,3,Risco de desengajamento
74805.0,65,26,783,14,0,0,0,0,1,2,Alto valor maduro
59060.0,31,14,262,77,0,0,0,1,0,3,Risco de desengajamento
27238.0,58,9,54,39,0,0,0,1,1,0,Entrada / baixo investimento
47009.0,55,17,358,89,0,0,0,0,1,3,Risco de desengajamento
46094.0,47,5,39,62,0,0,0,1,1,3,Risco de desengajamento
37235.0,36,5,41,68,0,0,0,1,0,3,Risco de desengajamento
81843.0,60,27,1505,13,0,0,0,0,0,2,Alto valor maduro
46692.0,62,15,309,37,0,0,0,0,1,2,Alto valor maduro
77382.0,52,26,987,36,0,1,0,0,1,1,Alto valor ativo
37774.0,43,16,297,28,1,1,1,2,0,0,Entrada / baixo investimento
18393.0,46,8,46,2,0,0,0,1,0,0,Entrada / baixo investimento
72828.0,58,28,1473,17,0,0,0,0,1,2,Alto valor maduro
24711.0,38,7,51,86,0,0,0,0,0,3,Risco de desengajamento
45503.0,45,9,152,54,0,0,0,1,0,3,Risco de desengajamento
6560.0,38,2,111,2,0,0,0,0,0,0,Entrada / baixo investimento
71604.0,75,17,1099,3,1,1,0,0,0,2,Alto valor maduro
27244.0,41,8,55,84,0,0,0,1,0,3,Risco de desengajamento
48752.0,51,17,316,8,1,0,0,1,1,0,Entrada / baixo investimento
71434.0,58,21,1232,4,0,2,0,0,1,2,Alto valor maduro
90842.0,72,27,1331,57,0,0,0,0,0,2,Alto valor maduro
88097.0,42,20,769,24,1,3,0,1,0,1,Alto valor ativo
51948.0,45,13,270,51,0,0,0,0,1,3,Risco de desengajamento
71853.0,38,17,1117,29,0,0,0,0,0,1,Alto valor ativo
35876.0,37,8,115,13,0,0,0,0,0,0,Entrada / baixo investimento
40049.0,68,5,29,23,0,0,0,0,1,0,Entrada / baixo investimento
39660.0,38,14,263,36,1,0,0,1,0,0,Entrada / baixo investimento
50127.0,58,13,305,88,0,1,0,0,1,3,Risco de desengajamento
43263.0,43,16,339,2,0,0,0,0,1,0,Entrada / baixo investimento
62845.0,71,28,1144,3,1,1,0,1,1,2,Alto valor maduro
18929.0,30,6,67,15,0,0,0,0,0,0,Entrada / baixo investimento
24367.0,38,4,19,58,0,0,0,1,0,3,Risco de desengajamento
26887.0,61,5,24,27,0,0,0,0,1,0,Entrada / baixo investimento
62061.0,44,24,762,12,0,1,0,0,1,1,Alto valor ativo
76542.0,64,23,1469,91,0,0,0,0,0,2,Alto valor maduro
70515.0,27,17,1118,12,1,0,0,0,0,1,Alto valor ativo
18227.0,33,4,17,21,0,0,0,1,0,0,Entrada / baixo investimento
69139.0,55,11,221,23,0,0,0,0,1,0,Entrada / baixo investimento
69109.0,38,20,1460,10,1,1,0,0,0,1,Alto valor ativo
69627.0,58,23,808,35,0,0,0,0,1,2,Alto valor maduro
38136.0,42,8,70,69,0,1,0,1,0,3,Risco de desengajamento
62159.0,74,19,605,68,0,0,0,0,0,2,Alto valor maduro
80695.0,57,19,1900,85,0,0,0,0,0,1,Alto valor ativo
33316.0,49,10,119,34,0,0,0,1,1,0,Entrada / baixo investimento
58554.0,52,22,498,55,0,0,0,1,1,2,Alto valor maduro
17256.0,28,7,40,10,0,1,0,1,0,0,Entrada / baixo investimento
53034.0,46,22,397,30,0,0,0,1,1,1,Alto valor ativo
52203.0,70,27,911,36,0,0,0,0,0,2,Alto valor maduro
59601.0,43,15,774,14,0,1,0,0,1,1,Alto valor ativo
75154.0,62,16,1061,79,1,0,0,0,1,2,Alto valor maduro
47025.0,44,17,389,52,0,0,0,0,1,3,Risco de desengajamento
37971.0,47,5,23,97,0,0,0,1,0,3,Risco de desengajamento
67267.0,62,11,221,0,0,0,0,0,1,0,Entrada / baixo investimento
57338.0,45,12,220,96,0,0,0,0,1,3,Risco de desengajamento
50523.0,60,8,90,89,0,0,0,1,1,3,Risco de desengajamento
50611.0,60,22,489,98,0,1,0,0,1,2,Alto valor maduro
56242.0,51,28,883,72,0,0,0,0,1,1,Alto valor ativo
48904.0,60,17,344,1,0,0,0,0,1,0,Entrada / baixo investimento
56243.0,45,20,389,26,0,0,0,1,2,1,Alto valor ativo
21355.0,35,7,37,5,1,1,0,1,0,0,Entrada / baixo investimento
57420.0,49,15,298,22,0,1,0,0,1,0,Entrada / baixo investimento
46390.0,65,10,184,56,0,0,0,0,1,3,Risco de desengajamento
54342.0,64,12,149,74,0,0,0,1,1,3,Risco de desengajamento
20895.0,47,6,41,24,0,0,0,1,0,0,Entrada / baixo investimento
92344.0,72,20,1780,9,0,2,0,0,0,2,Alto valor maduro
44964.0,40,5,39,35,0,0,0,1,1,0,Entrada / baixo investimento
53761.0,48,17,254,7,0,0,0,1,1,0,Entrada / baixo investimento
22682.0,47,10,59,51,0,0,0,1,0,3,Risco de desengajamento
38887.0,48,5,39,17,0,0,0,1,0,0,Entrada / baixo investimento
41658.0,45,6,43,30,0,0,0,1,1,0,Entrada / baixo investimento
29791.0,48,7,20,21,0,0,0,1,0,0,Entrada / baixo investimento
63915.0,64,23,774,2,0,0,0,0,2,2,Alto valor maduro
39996.0,46,4,14,85,0,0,0,1,1,3,Risco de desengajamento
26759.0,48,8,57,65,0,0,0,1,0,3,Risco de desengajamento
51039.0,51,14,308,11,0,0,0,1,1,0,Entrada / baixo investimento
60544.0,59,15,254,92,0,0,0,1,1,3,Risco de desengajamento
37716.0,67,10,147,4,0,0,0,0,1,0,Entrada / baixo investimento
36864.0,63,14,265,53,1,0,0,0,1,3,Risco de desengajamento
44511.0,50,26,713,39,0,0,0,1,0,2,Alto valor maduro
36947.0,53,11,117,49,0,0,0,1,1,3,Risco de desengajamento
67087.0,67,22,751,40,0,0,0,0,1,2,Alto valor maduro
57045.0,70,18,437,40,0,0,0,0,1,2,Alto valor maduro
36957.0,67,11,121,43,1,0,0,1,1,0,Entrada / baixo investimento
69389.0,43,22,782,17,0,0,0,0,1,1,Alto valor ativo
43142.0,51,4,16,84,0,0,0,1,1,3,Risco de desengajamento
80589.0,76,21,1402,25,1,1,0,0,0,2,Alto valor maduro
34412.0,30,11,154,62,0,0,0,1,0,3,Risco de desengajamento
57537.0,41,19,445,83,0,0,0,1,0,3,Risco de desengajamento
51315.0,72,10,181,45,0,0,0,0,0,2,Alto valor maduro
36026.0,48,7,44,34,0,0,0,2,1,0,Entrada / baixo investimento
24639.0,47,9,43,3,0,0,0,1,1,0,Entrada / baixo investimento
34578.0,48,4,8,1,0,0,0,2,1,0,Entrada / baixo investimento
65704.0,48,23,571,18,0,0,0,0,0,1,Alto valor ativo
54132.0,51,5,39,81,0,0,0,0,1,3,Risco de desengajamento
28164.0,50,9,66,23,0,0,0,1,0,0,Entrada / baixo investimento
34596.0,46,4,16,48,0,0,0,1,0,0,Entrada / baixo investimento
43269.0,48,4,18,61,0,0,0,1,0,3,Risco de desengajamento
38741.0,62,7,48,60,0,0,0,1,1,3,Risco de desengajamento
31907.0,48,14,375,75,0,0,0,0,0,3,Risco de desengajamento
31163.0,47,5,28,54,0,0,0,1,0,3,Risco de desengajamento
92533.0,35,23,1089,84,0,2,0,0,0,1,Alto valor ativo
34853.0,47,7,32,75,0,0,0,1,1,3,Risco de desengajamento
70844.0,53,17,292,16,0,0,0,1,1,2,Alto valor maduro
31086.0,41,6,32,79,0,1,0,1,1,3,Risco de desengajamento
20491.0,34,4,20,16,0,0,0,0,0,0,Entrada / baixo investimento
42523.0,56,7,90,96,0,0,0,0,0,3,Risco de desengajamento
33402.0,68,9,62,60,0,0,0,1,1,3,Risco de desengajamento
36408.0,71,4,19,11,0,0,0,1,1,0,Entrada / baixo investimento
21645.0,41,9,46,75,1,0,0,1,0,3,Risco de desengajamento
78427.0,72,23,1792,36,1,1,0,0,0,2,Alto valor maduro
82657.0,74,23,2157,71,0,2,0,0,0,2,Alto valor maduro
51876.0,62,13,304,88,0,0,0,0,0,3,Risco de desengajamento
78041.0,49,18,1302,93,0,0,0,0,0,1,Alto valor ativo
52852.0,63,26,832,93,0,1,0,0,1,2,Alto valor maduro
70038.0,38,17,1114,54,0,0,0,0,0,1,Alto valor ativo
69401.0,47,17,651,41,0,0,0,0,1,1,Alto valor ativo
46053.0,48,12,184,46,0,0,0,1,0,0,Entrada / baixo investimento
77343.0,55,17,1103,28,0,0,0,0,0,2,Alto valor maduro
73892.0,67,23,1464,40,1,0,0,0,0,2,Alto valor maduro
40304.0,53,6,54,82,0,0,0,1,0,3,Risco de desengajamento
32727.0,55,17,459,38,0,0,0,0,0,0,Entrada / baixo investimento
43300.0,49,11,149,87,1,0,0,0,1,3,Risco de desengajamento
26290.0,48,10,55,49,0,0,0,1,1,0,Entrada / baixo investimento
93790.0,50,25,2304,16,1,3,0,0,0,1,Alto valor ativo
38410.0,46,18,520,65,1,0,0,0,0,3,Risco de desengajamento
64866.0,70,21,546,9,0,1,0,0,1,2,Alto valor maduro
57957.0,61,25,608,24,0,0,1,0,1,2,Alto valor maduro
16531.0,42,9,33,43,0,0,0,1,0,0,Entrada / baixo investimento
28072.0,34,5,42,10,0,0,0,1,0,0,Entrada / baixo investimento
49476.0,57,22,599,29,0,0,0,0,1,2,Alto valor maduro
50725.0,67,21,538,45,0,0,0,0,1,2,Alto valor maduro
41145.0,70,4,12,20,0,0,0,1,1,0,Entrada / baixo investimento
67419.0,50,25,1429,29,0,0,0,0,1,1,Alto valor ativo
23162.0,50,8,43,82,0,0,0,1,1,3,Risco de desengajamento
34380.0,43,12,151,68,0,0,0,1,0,3,Risco de desengajamento
34704.0,54,5,35,65,0,0,0,0,1,3,Risco de desengajamento
94871.0,51,18,934,99,1,2,0,0,2,1,Alto valor ativo
65148.0,62,21,962,9,0,0,0,0,1,2,Alto valor maduro
39898.0,66,9,122,20,0,0,0,0,1,0,Entrada / baixo investimento
59892.0,50,7,87,26,0,0,0,0,1,0,Entrada / baixo investimento
41020.0,33,10,181,68,0,0,0,0,0,3,Risco de desengajamento
57072.0,59,27,1004,79,0,1,0,0,1,2,Alto valor maduro
19414.0,39,5,25,32,0,0,0,1,0,0,Entrada / baixo investimento
19107.0,40,6,30,49,0,0,0,1,0,0,Entrada / baixo investimento
75484.0,44,18,1125,50,0,0,0,0,1,1,Alto valor ativo
70379.0,44,25,852,84,0,0,0,0,1,1,Alto valor ativo
79419.0,50,15,1600,96,0,0,0,0,0,1,Alto valor ativo
64014.0,74,22,436,56,0,1,0,2,1,2,Alto valor maduro
76998.0,65,29,1803,85,0,1,0,0,1,2,Alto valor maduro
49854.0,48,18,350,63,0,0,0,1,0,3,Risco de desengajamento
60585.0,49,30,715,17,1,0,0,1,1,1,Alto valor ativo
42873.0,70,15,254,11,0,0,0,1,1,0,Entrada / baixo investimento
87679.0,32,29,2491,62,1,3,0,0,0,1,Alto valor ativo
57867.0,42,25,595,48,0,0,0,1,0,1,Alto valor ativo
35765.0,30,8,60,86,0,0,0,1,0,3,Risco de desengajamento
65492.0,61,26,998,73,0,0,0,0,0,2,Alto valor maduro
32952.0,43,6,54,36,0,0,0,1,0,0,Entrada / baixo investimento
53374.0,51,21,1030,34,1,1,0,0,1,1,Alto valor ativo
71706.0,61,25,1429,16,0,0,0,0,1,2,Alto valor maduro
68487.0,32,30,1277,48,0,0,0,0,0,1,Alto valor ativo
53253.0,45,19,311,61,0,0,0,1,1,3,Risco de desengajamento
42014.0,43,20,386,56,1,0,0,1,0,3,Risco de desengajamento
54108.0,47,32,650,74,0,0,0,1,1,1,Alto valor ativo
49667.0,65,22,1357,35,1,1,0,0,0,2,Alto valor maduro
63206.0,46,14,902,65,0,1,0,0,0,1,Alto valor ativo
57136.0,48,26,550,48,0,0,0,1,1,1,Alto valor ativo
46772.0,45,30,991,88,0,1,0,0,1,1,Alto valor ativo
78931.0,49,24,908,19,0,0,0,0,0,1,Alto valor ativo
53977.0,62,27,825,21,0,0,0,0,1,2,Alto valor maduro
73538.0,55,26,1551,92,0,0,0,0,1,1,Alto valor ativo
79529.0,34,22,1441,1,0,0,0,0,0,1,Alto valor ativo
20981.0,43,7,43,14,1,0,0,0,0,0,Entrada / baixo investimento
51766.0,40,12,224,74,0,0,0,1,0,3,Risco de desengajamento
55759.0,58,26,777,84,0,0,0,0,1,2,Alto valor maduro
37787.0,48,7,88,50,0,0,0,1,0,3,Risco de desengajamento
27242.0,50,7,67,2,1,0,0,1,0,0,Entrada / baixo investimento
87188.0,37,19,1868,73,1,0,0,0,0,1,Alto valor ativo
69930.0,49,22,1466,21,0,0,0,0,0,1,Alto valor ativo
37697.0,44,7,76,82,0,0,0,1,0,3,Risco de desengajamento
3502.0,47,0,4,56,0,0,0,1,0,3,Risco de desengajamento
58597.0,44,32,712,20,0,0,0,1,1,1,Alto valor ativo
82032.0,72,17,1177,54,0,0,0,0,0,2,Alto valor maduro
28087.0,62,9,91,77,0,0,0,1,1,3,Risco de desengajamento
74004.0,33,15,1610,5,1,2,0,0,0,1,Alto valor ativo
19740.0,60,7,35,65,0,0,0,0,1,3,Risco de desengajamento
57036.0,45,26,1466,33,0,1,0,0,1,1,Alto valor ativo
53083.0,62,17,258,65,0,1,0,1,1,2,Alto valor maduro
69283.0,45,27,896,41,0,0,0,0,1,1,Alto valor ativo
46098.0,45,11,84,86,1,0,0,1,1,3,Risco de desengajamento
23331.0,32,8,58,92,0,0,0,1,0,3,Risco de desengajamento
23331.0,32,17,264,97,0,0,0,1,0,3,Risco de desengajamento
9255.0,31,5,18,91,0,0,0,1,0,3,Risco de desengajamento
67786.0,61,16,1054,0,1,0,0,0,0,2,Alto valor maduro
71969.0,49,19,1076,59,0,1,0,0,1,1,Alto valor ativo
59235.0,53,28,1037,4,0,0,0,1,0,2,Alto valor maduro
31928.0,31,9,67,5,0,0,0,1,0,0,Entrada / baixo investimento
74881.0,59,27,910,48,0,0,0,1,1,2,Alto valor maduro
65819.0,42,20,1320,99,0,0,0,0,0,1,Alto valor ativo
51411.0,67,4,17,81,0,0,0,1,2,3,Risco de desengajamento
51983.0,56,24,763,95,0,0,0,0,1,2,Alto valor maduro
30390.0,33,6,60,5,0,0,0,0,0,0,Entrada / baixo investimento
30983.0,57,8,118,50,1,0,0,0,0,3,Risco de desengajamento
66033.0,63,20,612,76,0,0,0,0,1,2,Alto valor maduro
37284.0,45,4,17,46,0,0,0,1,1,0,Entrada / baixo investimento
57530.0,69,7,91,68,0,0,0,0,1,3,Risco de desengajamento
76800.0,55,16,560,33,0,0,0,0,0,2,Alto valor maduro
63943.0,64,17,1085,50,0,0,0,0,1,2,Alto valor maduro
37054.0,53,6,20,89,0,0,0,1,1,3,Risco de desengajamento
47175.0,58,17,221,81,1,1,0,1,1,3,Risco de desengajamento
31859.0,44,4,15,77,0,0,0,1,0,3,Risco de desengajamento
27215.0,59,11,74,50,0,0,0,2,1,3,Risco de desengajamento
70179.0,44,26,901,10,0,0,0,0,1,1,Alto valor ativo
24645.0,32,4,17,16,0,0,0,1,0,0,Entrada / baixo investimento
79865.0,66,21,754,12,0,0,0,0,1,2,Alto valor maduro
44322.0,35,8,89,30,0,0,0,1,0,0,Entrada / baixo investimento
47958.0,68,16,385,8,0,0,0,0,1,2,Alto valor maduro
63972.0,56,23,1257,93,0,1,0,0,1,2,Alto valor maduro
75315.0,66,23,810,14,0,0,0,0,1,2,Alto valor maduro
55517.0,70,23,597,53,1,0,0,1,1,2,Alto valor maduro
75283.0,63,25,953,26,0,0,0,1,2,2,Alto valor maduro
90638.0,29,18,2429,29,1,1,0,0,0,1,Alto valor ativo
27161.0,34,5,41,41,0,0,0,1,0,0,Entrada / baixo investimento
38201.0,60,15,256,19,0,0,0,0,1,0,Entrada / baixo investimento
45203.0,38,8,123,4,1,0,0,2,0,0,Entrada / baixo investimento
81574.0,73,18,1798,89,0,2,0,0,0,2,Alto valor maduro
60482.0,44,17,483,81,0,0,0,0,1,3,Risco de desengajamento
34633.0,64,4,14,31,0,0,0,2,1,0,Entrada / baixo investimento
78093.0,73,17,1095,53,0,0,0,0,0,2,Alto valor maduro
82460.0,70,15,959,78,0,0,0,0,0,2,Alto valor maduro
45903.0,54,8,63,80,0,0,0,0,1,3,Risco de desengajamento
81361.0,33,27,702,18,1,0,0,0,0,1,Alto valor ativo
35860.0,47,6,29,37,1,1,0,1,1,0,Entrada / baixo investimento
40442.0,68,12,156,52,1,0,0,1,1,3,Risco de desengajamento
61482.0,55,12,256,39,0,0,0,0,0,0,Entrada / baixo investimento
34968.0,40,17,219,11,0,0,0,1,0,0,Entrada / baixo investimento
75794.0,33,25,1634,33,0,1,0,0,0,1,Alto valor ativo
74268.0,65,13,851,83,0,0,0,0,0,2,Alto valor maduro
13724.0,32,5,31,43,0,1,0,1,0,0,Entrada / baixo investimento
52569.0,53,7,88,54,0,0,0,0,1,3,Risco de desengajamento
48432.0,47,19,382,3,1,0,0,0,1,0,Entrada / baixo investimento
36108.0,36,15,292,68,0,1,0,1,0,3,Risco de desengajamento
76445.0,49,21,1375,2,0,0,0,1,0,1,Alto valor ativo
36663.0,45,6,30,40,0,0,0,1,0,0,Entrada / baixo investimento
53843.0,55,20,489,64,0,0,0,0,1,2,Alto valor maduro
90226.0,64,24,2244,26,0,1,0,0,0,2,Alto valor maduro
70638.0,65,20,1271,69,0,1,0,0,0,2,Alto valor maduro
44512.0,60,6,30,57,0,0,0,1,1,3,Risco de desengajamento
27116.0,59,7,38,78,0,0,0,1,1,3,Risco de desengajamento
54072.0,57,5,39,71,0,0,0,1,1,3,Risco de desengajamento
71855.0,43,25,1113,59,0,0,0,0,1,1,Alto valor ativo
51250.0,30,24,670,28,0,1,0,1,0,1,Alto valor ativo
60432.0,47,19,390,61,0,0,0,0,1,1,Alto valor ativo
12393.0,42,6,44,38,0,0,0,0,0,0,Entrada / baixo investimento
64509.0,30,19,1645,19,1,1,0,0,0,1,Alto valor ativo
33955.0,45,15,260,92,0,0,0,1,0,3,Risco de desengajamento
31353.0,43,6,24,24,1,0,0,1,1,0,Entrada / baixo investimento
55434.0,36,24,806,21,0,0,0,1,0,1,Alto valor ativo
28359.0,37,4,14,35,0,0,0,1,0,0,Entrada / baixo investimento
57100.0,33,14,294,9,0,0,0,1,0,0,Entrada / baixo investimento
52973.0,64,31,953,92,0,0,0,0,1,2,Alto valor maduro
51717.0,55,8,117,55,0,1,0,0,1,3,Risco de desengajamento
18793.0,49,9,57,14,0,0,0,1,0,0,Entrada / baixo investimento
50664.0,61,24,435,64,0,0,0,1,1,2,Alto valor maduro
54414.0,57,13,193,49,0,0,0,1,1,3,Risco de desengajamento
54549.0,68,12,224,8,0,0,0,0,1,0,Entrada / baixo investimento
47111.0,49,21,1051,35,0,0,0,0,1,1,Alto valor ativo
41003.0,57,17,513,11,0,0,0,0,0,0,Entrada / baixo investimento
19444.0,38,10,44,8,1,0,0,1,0,0,Entrada / baixo investimento
36301.0,44,7,66,53,0,0,0,1,0,3,Risco de desengajamento
42731.0,51,13,220,64,0,0,0,1,0,3,Risco de desengajamento
52854.0,61,9,116,43,0,0,0,1,1,0,Entrada / baixo investimento
22775.0,42,4,14,40,0,0,0,1,0,0,Entrada / baixo investimento
59821.0,65,26,699,11,0,0,0,0,1,2,Alto valor maduro
50002.0,66,19,556,21,0,0,0,0,1,2,Alto valor maduro
69755.0,75,22,801,23,0,0,0,0,0,2,Alto valor maduro
44078.0,51,7,37,17,0,0,0,1,1,0,Entrada / baixo investimento
30560.0,44,5,24,6,0,0,0,1,0,0,Entrada / baixo investimento
35924.0,51,5,27,56,0,0,0,1,1,3,Risco de desengajamento
64140.0,56,18,1535,71,1,3,0,0,2,2,Alto valor maduro
56386.0,39,25,537,51,0,0,0,1,1,1,Alto valor ativo
75774.0,39,21,767,27,0,0,0,1,0,1,Alto valor ativo
39228.0,60,4,17,1,0,0,0,0,0,0,Entrada / baixo investimento
58494.0,46,16,377,56,0,0,0,0,1,3,Risco de desengajamento
58684.0,39,21,728,71,0,1,0,0,0,1,Alto valor ativo
57136.0,53,20,1052,18,1,0,0,0,0,2,Alto valor maduro
56551.0,70,10,122,48,0,0,0,1,1,2,Alto valor maduro
22448.0,38,9,37,86,0,0,0,1,0,3,Risco de desengajamento
82014.0,59,22,1480,48,1,0,0,0,0,2,Alto valor maduro
34213.0,57,9,91,2,1,0,0,1,1,0,Entrada / baixo investimento
25358.0,73,6,24,57,0,0,0,0,1,3,Risco de desengajamento
35544.0,42,6,63,77,0,0,0,1,0,3,Risco de desengajamento
36634.0,66,15,305,0,0,0,0,0,1,0,Entrada / baixo investimento
62670.0,66,22,787,57,0,0,0,0,1,2,Alto valor maduro
50334.0,48,23,560,24,0,0,0,0,1,1,Alto valor ativo
72066.0,39,17,1758,55,1,2,0,0,0,1,Alto valor ativo
50729.0,62,24,444,62,0,0,0,1,1,2,Alto valor maduro
34916.0,52,13,189,89,0,0,0,2,0,3,Risco de desengajamento
64892.0,44,24,837,77,0,0,0,0,1,1,Alto valor ativo
43602.0,54,9,49,45,0,0,0,1,1,0,Entrada / baixo investimento
41473.0,35,6,67,80,0,0,0,1,0,3,Risco de desengajamento
63246.0,53,22,765,60,0,0,0,0,2,2,Alto valor maduro
36732.0,61,9,40,71,0,0,0,1,1,3,Risco de desengajamento
37929.0,35,13,255,49,1,2,0,0,0,0,Entrada / baixo investimento
86610.0,69,18,1550,66,0,0,0,0,0,2,Alto valor maduro
80141.0,34,22,2051,20,1,1,0,0,0,1,Alto valor ativo
69016.0,50,34,1372,61,0,0,0,0,1,1,Alto valor ativo
20193.0,29,7,73,18,0,0,0,0,0,0,Entrada / baixo investimento
27573.0,45,14,229,45,0,0,0,1,0,0,Entrada / baixo investimento
15862.0,41,5,26,26,0,0,0,1,0,0,Entrada / baixo investimento
49544.0,44,16,381,0,0,0,0,1,0,0,Entrada / baixo investimento
33228.0,40,6,66,28,0,0,0,1,0,0,Entrada / baixo investimento
70440.0,42,23,1484,49,0,1,0,0,0,1,Alto valor ativo
38232.0,49,11,89,84,0,0,0,1,1,3,Risco de desengajamento
22554.0,65,10,37,38,0,0,0,1,1,0,Entrada / baixo investimento
23536.0,37,4,9,53,0,0,0,1,0,0,Entrada / baixo investimento
49413.0,68,13,258,88,0,0,0,0,1,3,Risco de desengajamento
42231.0,51,5,33,99,0,0,0,1,1,3,Risco de desengajamento
78789.0,40,16,1671,12,1,0,0,0,0,1,Alto valor ativo
56534.0,52,25,769,35,1,2,0,0,1,2,Alto valor maduro
58350.0,49,27,921,5,0,0,0,0,1,1,Alto valor ativo
49090.0,69,21,588,45,0,0,0,0,1,2,Alto valor maduro
61787.0,33,19,1234,71,0,0,0,0,0,1,Alto valor ativo
18169.0,35,4,14,40,0,0,0,1,0,0,Entrada / baixo investimento
24336.0,39,4,19,82,0,0,0,1,0,3,Risco de desengajamento
18222.0,30,6,53,70,0,0,0,0,0,3,Risco de desengajamento
62335.0,68,21,682,87,0,0,0,0,1,2,Alto valor maduro
42033.0,49,4,18,95,0,0,0,1,1,3,Risco de desengajamento
86580.0,37,11,726,72,0,1,0,0,0,1,Alto valor ativo
41437.0,63,5,31,5,0,0,0,1,1,0,Entrada / baixo investimento
73705.0,69,25,1588,86,0,0,0,0,2,2,Alto valor maduro
61064.0,44,28,900,80,0,0,0,0,1,1,Alto valor ativo
18358.0,31,10,53,49,0,0,0,1,0,0,Entrada / baixo investimento
55012.0,47,25,647,85,0,0,0,0,1,1,Alto valor ativo
9722.0,47,11,61,7,1,0,0,1,0,0,Entrada / baixo investimento
38175.0,36,11,150,6,0,0,0,1,0,0,Entrada / baixo investimento
58656.0,64,32,1208,25,0,1,0,0,1,2,Alto valor maduro
52117.0,55,13,259,55,0,0,0,0,1,3,Risco de desengajamento
64813.0,42,20,693,81,0,0,0,1,0,1,Alto valor ativo
54222.0,47,12,257,98,0,0,0,0,1,3,Risco de desengajamento
83512.0,34,22,2056,31,1,4,0,0,0,1,Alto valor ativo
77520.0,61,23,1468,30,1,3,0,0,1,2,Alto valor maduro
41154.0,42,6,62,98,0,0,0,0,1,3,Risco de desengajamento
80398.0,54,26,1571,92,0,1,0,0,0,1,Alto valor ativo
18746.0,28,8,44,41,0,0,0,1,0,0,Entrada / baixo investimento
35196.0,36,18,310,68,0,0,0,1,0,3,Risco de desengajamento
60230.0,64,17,1027,78,0,0,0,0,1,2,Alto valor maduro
22108.0,43,7,25,46,0,0,0,1,1,0,Entrada / baixo investimento
44392.0,46,14,182,71,0,0,0,1,1,3,Risco de desengajamento
55424.0,44,25,770,6,1,1,0,0,1,1,Alto valor ativo
17688.0,41,4,9,82,0,0,1,1,0,3,Risco de desengajamento
92491.0,37,25,2012,71,1,3,0,0,0,1,Alto valor ativo
90273.0,29,19,1880,32,1,3,0,0,0,1,Alto valor ativo
82571.0,58,24,1607,28,0,1,0,0,0,2,Alto valor maduro
38513.0,38,17,306,20,1,0,0,1,0,0,Entrada / baixo investimento
16653.0,41,9,62,10,1,0,0,1,0,0,Entrada / baixo investimento
42586.0,65,16,252,7,1,0,0,1,1,0,Entrada / baixo investimento
23529.0,55,5,34,67,0,0,0,0,1,3,Risco de desengajamento
71107.0,69,28,1132,61,0,0,0,0,1,2,Alto valor maduro
46910.0,56,7,62,36,0,0,0,1,1,0,Entrada / baixo investimento
37244.0,65,5,30,90,0,1,0,1,1,3,Risco de desengajamento
82427.0,54,21,1349,35,0,1,0,0,0,1,Alto valor ativo
75342.0,62,18,537,38,0,0,0,0,1,2,Alto valor maduro
70044.0,66,26,1490,46,0,0,0,0,1,2,Alto valor maduro
77437.0,57,23,1096,70,0,1,0,0,0,2,Alto valor maduro
54984.0,61,17,352,51,0,1,0,0,1,2,Alto valor maduro
42403.0,49,5,39,18,0,0,0,1,0,0,Entrada / baixo investimento
55761.0,56,10,152,97,0,1,0,0,1,3,Risco de desengajamento
37292.0,37,19,394,32,0,0,0,1,0,0,Entrada / baixo investimento
45576.0,75,8,120,9,1,0,0,0,0,0,Entrada / baixo investimento
70321.0,73,25,1185,6,1,0,0,0,0,2,Alto valor maduro
58086.0,51,23,777,80,0,0,0,0,1,1,Alto valor ativo
81795.0,68,23,1294,74,0,0,0,0,0,2,Alto valor maduro
28389.0,73,4,20,49,0,0,0,0,0,3,Risco de desengajamento
69901.0,51,23,733,95,0,0,0,0,1,1,Alto valor ativo
80360.0,71,15,2188,56,0,3,0,0,0,2,Alto valor maduro
63342.0,59,19,1080,48,1,1,0,0,1,2,Alto valor maduro
31859.0,40,5,37,3,0,0,0,1,0,0,Entrada / baixo investimento
51569.0,71,19,433,39,1,1,0,0,1,2,Alto valor maduro
16014.0,41,10,31,42,0,0,0,1,1,0,Entrada / baixo investimento
41120.0,52,9,57,80,0,0,0,1,1,3,Risco de desengajamento
39763.0,49,10,151,9,1,0,0,1,0,0,Entrada / baixo investimento
38725.0,65,7,40,52,0,0,0,1,1,3,Risco de desengajamento
77981.0,48,21,604,78,0,0,0,1,0,1,Alto valor ativo
62905.0,56,20,563,68,0,0,0,0,1,2,Alto valor maduro
13533.0,41,7,31,45,0,0,0,1,0,0,Entrada / baixo investimento
59481.0,45,16,403,47,0,0,0,0,1,1,Alto valor ativo
72117.0,43,26,1023,34,0,0,0,0,1,1,Alto valor ativo
21955.0,34,8,44,81,0,0,0,1,0,3,Risco de desengajamento
67131.0,64,26,914,72,0,0,0,0,1,2,Alto valor maduro
36802.0,40,5,19,23,0,0,0,1,0,0,Entrada / baixo investimento
47808.0,45,10,152,30,0,1,0,0,1,0,Entrada / baixo investimento
25509.0,46,9,90,15,1,0,0,1,0,0,Entrada / baixo investimento
85431.0,68,17,1112,54,0,0,0,0,0,2,Alto valor maduro
42664.0,53,5,24,44,0,0,0,0,1,0,Entrada / baixo investimento
28973.0,43,13,257,59,0,0,0,0,0,3,Risco de desengajamento
39435.0,47,7,89,16,0,0,0,1,0,0,Entrada / baixo investimento
65370.0,36,19,432,1,0,0,0,0,0,1,Alto valor ativo
20194.0,41,7,32,64,0,0,0,1,0,3,Risco de desengajamento
42473.0,44,10,119,72,0,0,0,1,1,3,Risco de desengajamento
64590.0,52,24,1308,98,0,0,0,0,0,1,Alto valor ativo
71232.0,61,25,900,91,0,0,0,0,1,2,Alto valor maduro
34600.0,49,17,303,8,1,0,0,1,1,0,Entrada / baixo investimento
46904.0,53,14,222,20,0,0,0,1,1,0,Entrada / baixo investimento
49094.0,47,20,433,6,0,0,0,0,1,0,Entrada / baixo investimento
36075.0,37,7,89,54,0,0,0,1,0,3,Risco de desengajamento
60839.0,41,29,1122,72,0,0,0,1,1,1,Alto valor ativo
82122.0,58,26,1282,89,0,1,0,0,0,2,Alto valor maduro
34074.0,68,14,188,69,0,1,0,1,1,3,Risco de desengajamento
28520.0,60,5,23,55,0,0,0,1,1,3,Risco de desengajamento
62535.0,65,14,346,13,0,0,0,0,1,2,Alto valor maduro
36273.0,43,8,67,80,0,0,0,1,0,3,Risco de desengajamento
63404.0,56,15,885,97,0,1,0,0,2,2,Alto valor maduro
78416.0,44,26,996,99,0,0,0,0,1,1,Alto valor ativo
75702.0,46,29,1884,87,0,1,0,0,1,1,Alto valor ativo
59385.0,69,10,149,85,0,0,0,1,1,3,Risco de desengajamento
44689.0,69,6,23,82,0,1,0,1,1,3,Risco de desengajamento
7144.0,54,25,125,92,0,0,0,0,2,3,Risco de desengajamento
90369.0,64,17,1571,2,1,0,0,0,0,2,Alto valor maduro
63159.0,46,17,1760,74,0,1,0,0,0,1,Alto valor ativo
46757.0,57,21,1021,71,0,0,0,0,1,2,Alto valor maduro
79734.0,51,14,897,72,0,1,0,0,0,1,Alto valor ativo
63207.0,28,12,1432,68,0,1,0,0,0,1,Alto valor ativo
72071.0,66,20,1188,4,0,0,0,0,1,2,Alto valor maduro
21840.0,37,5,26,80,0,0,0,1,0,3,Risco de desengajamento
58582.0,38,22,721,15,0,1,0,0,1,1,Alto valor ativo
72282.0,69,22,1178,70,1,0,0,0,0,2,Alto valor maduro
50387.0,64,19,491,91,0,0,0,0,2,2,Alto valor maduro
32583.0,59,4,8,10,0,0,0,1,1,0,Entrada / baixo investimento
62568.0,58,16,892,99,0,1,0,0,1,2,Alto valor maduro
44635.0,49,7,65,25,0,0,0,1,1,0,Entrada / baixo investimento
63967.0,52,23,720,57,0,0,0,0,1,2,Alto valor maduro
52513.0,42,25,917,84,0,0,0,0,0,1,Alto valor ativo
25293.0,51,5,28,51,0,0,0,1,0,3,Risco de desengajamento
54111.0,55,15,338,97,0,0,0,0,1,3,Risco de desengajamento
78394.0,34,16,1262,13,1,0,0,0,0,1,Alto valor ativo
80739.0,62,24,1541,92,0,0,0,0,0,2,Alto valor maduro
22669.0,45,10,125,30,1,0,0,1,0,0,Entrada / baixo investimento
29236.0,33,9,90,30,0,0,0,1,0,0,Entrada / baixo investimento
44911.0,61,12,184,11,0,0,0,0,1,0,Entrada / baixo investimento
54693.0,58,31,894,72,0,0,0,0,1,2,Alto valor maduro
48186.0,46,12,185,39,0,0,0,1,0,0,Entrada / baixo investimento
54809.0,43,12,152,0,1,0,0,1,1,0,Entrada / baixo investimento
41580.0,42,9,89,15,0,0,0,1,1,0,Entrada / baixo investimento
80336.0,50,25,986,12,0,0,0,0,0,1,Alto valor ativo
47743.0,63,14,255,56,0,1,0,0,1,3,Risco de desengajamento
62972.0,65,16,395,39,0,0,0,0,1,2,Alto valor maduro
57333.0,66,33,1486,55,1,0,0,0,1,2,Alto valor maduro
32313.0,38,11,152,60,0,0,0,1,0,3,Risco de desengajamento
84953.0,67,18,952,73,1,3,0,0,0,2,Alto valor maduro
27071.0,52,7,32,90,0,0,0,1,0,3,Risco de desengajamento
68148.0,63,15,957,86,0,0,0,0,0,2,Alto valor maduro
65735.0,55,19,384,37,0,0,0,1,1,2,Alto valor maduro
86836.0,45,23,494,7,1,3,0,0,0,1,Alto valor ativo
4023.0,57,15,8,29,0,0,0,1,1,0,Entrada / baixo investimento
30093.0,30,6,53,19,0,0,0,0,0,0,Entrada / baixo investimento
57705.0,54,18,446,14,0,0,0,0,1,2,Alto valor maduro
25008.0,32,6,25,72,0,0,0,1,0,3,Risco de desengajamento
83257.0,25,28,1298,56,1,2,1,0,0,1,Alto valor ativo
22280.0,45,4,11,85,0,0,0,1,0,3,Risco de desengajamento
72159.0,42,21,1348,62,0,0,0,0,0,1,Alto valor ativo
64260.0,59,14,1544,1,1,0,0,0,0,2,Alto valor maduro
82733.0,36,20,1285,28,1,0,0,0,0,1,Alto valor ativo
74290.0,49,32,1205,70,0,2,0,0,1,1,Alto valor ativo
58217.0,69,7,90,84,0,0,0,2,1,3,Risco de desengajamento
21024.0,44,7,66,89,0,0,0,0,0,3,Risco de desengajamento
70116.0,48,23,1507,73,0,0,0,0,0,1,Alto valor ativo
54006.0,35,18,484,42,0,0,0,1,0,1,Alto valor ativo
69063.0,54,14,902,16,0,0,0,0,1,2,Alto valor maduro
11448.0,45,4,8,16,0,0,0,0,0,0,Entrada / baixo investimento
70886.0,49,14,907,65,0,0,0,1,0,1,Alto valor ativo
60208.0,47,29,597,13,1,1,0,1,1,1,Alto valor ativo
32889.0,52,9,47,78,0,0,0,1,1,3,Risco de desengajamento
34738.0,36,5,18,51,0,0,0,1,0,0,Entrada / baixo investimento
30538.0,49,17,347,27,0,0,0,1,0,0,Entrada / baixo investimento
82326.0,43,22,2074,30,1,3,0,0,0,1,Alto valor ativo
26642.0,53,7,34,71,0,0,0,1,0,3,Risco de desengajamento
69932.0,56,26,992,97,0,0,0,0,1,2,Alto valor maduro
44503.0,48,7,40,83,0,0,0,1,1,3,Risco de desengajamento
60200.0,72,25,659,3,0,0,0,0,1,2,Alto valor maduro
49638.0,68,5,39,71,0,0,0,0,1,3,Risco de desengajamento
23830.0,33,5,27,3,0,0,0,0,0,0,Entrada / baixo investimento
33051.0,61,21,616,15,1,0,0,0,0,2,Alto valor maduro
72905.0,62,20,1312,52,0,1,0,0,0,2,Alto valor maduro
69702.0,69,26,982,8,0,0,0,0,1,2,Alto valor maduro
70300.0,45,26,1550,89,0,0,0,1,0,1,Alto valor ativo
70643.0,36,18,1795,66,1,0,0,0,0,1,Alto valor ativo
30396.0,51,6,22,22,1,1,0,1,0,0,Entrada / baixo investimento
50616.0,52,10,145,56,0,0,0,0,1,3,Risco de desengajamento
62772.0,51,23,838,74,0,1,0,0,1,1,Alto valor ativo
30298.0,35,6,28,48,0,0,0,0,0,0,Entrada / baixo investimento
52413.0,36,17,438,67,0,0,0,1,0,3,Risco de desengajamento
44155.0,63,5,32,24,0,0,0,1,1,0,Entrada / baixo investimento
86979.0,49,16,1667,67,1,1,0,0,0,1,Alto valor ativo
76532.0,45,25,790,38,0,0,0,1,1,1,Alto valor ativo
42081.0,38,15,355,86,0,1,0,1,0,3,Risco de desengajamento
88420.0,31,20,1916,87,0,3,0,0,0,1,Alto valor ativo
31158.0,35,7,67,62,0,0,0,1,0,3,Risco de desengajamento
61671.0,52,28,704,23,0,2,0,0,1,2,Alto valor maduro
69719.0,46,11,758,99,0,0,0,0,0,3,Risco de desengajamento
49160.0,71,12,221,29,0,0,0,0,1,2,Alto valor maduro
90933.0,66,15,1606,90,0,1,0,0,0,2,Alto valor maduro
113734.0,75,27,274,9,0,0,0,0,0,2,Alto valor maduro
22148.0,37,5,38,16,0,0,0,0,0,0,Entrada / baixo investimento
73395.0,33,15,386,94,0,0,0,0,0,1,Alto valor ativo
29819.0,49,9,37,77,0,0,0,1,0,3,Risco de desengajamento
45688.0,52,14,297,20,0,1,0,0,1,0,Entrada / baixo investimento
60491.0,49,28,952,81,0,0,0,0,1,1,Alto valor ativo
33235.0,34,7,64,71,0,0,0,1,0,3,Risco de desengajamento
35701.0,61,5,41,36,0,0,0,0,0,0,Entrada / baixo investimento
31535.0,40,5,32,95,0,1,0,1,0,3,Risco de desengajamento
92556.0,60,21,1235,32,0,0,0,0,0,2,Alto valor maduro
67384.0,50,22,1383,32,0,1,0,0,1,1,Alto valor ativo
77870.0,53,18,1682,93,1,2,0,0,1,1,Alto valor ativo
52278.0,57,31,1024,24,0,0,0,0,1,2,Alto valor maduro
57107.0,52,23,279,44,1,2,0,0,1,2,Alto valor maduro
36038.0,39,8,40,82,0,0,0,1,0,3,Risco de desengajamento
34230.0,55,4,19,72,0,0,0,1,1,3,Risco de desengajamento
31878.0,43,6,47,7,0,0,0,0,1,0,Entrada / baixo investimento
70932.0,48,22,724,57,0,0,0,0,1,1,Alto valor ativo
91249.0,64,22,1649,84,1,4,0,0,0,2,Alto valor maduro
77598.0,77,26,1702,53,0,1,0,0,0,2,Alto valor maduro
80982.0,61,30,1169,48,0,0,1,1,1,2,Alto valor maduro
22701.0,43,5,19,2,0,0,0,1,0,0,Entrada / baixo investimento
70617.0,50,14,1253,45,0,0,0,0,0,1,Alto valor ativo
64849.0,63,19,1228,42,1,0,0,0,0,2,Alto valor maduro
62694.0,55,24,658,29,0,0,0,1,1,2,Alto valor maduro
61917.0,46,7,90,83,0,0,0,1,1,3,Risco de desengajamento
67472.0,73,15,345,93,0,0,0,0,1,2,Alto valor maduro
21059.0,38,9,36,40,0,0,0,1,0,0,Entrada / baixo investimento
29543.0,52,8,45,47,0,0,0,2,0,0,Entrada / baixo investimento
75903.0,69,23,801,50,0,0,0,0,1,2,Alto valor maduro
34984.0,45,6,35,40,0,0,0,1,1,0,Entrada / baixo investimento
54998.0,64,20,447,3,1,0,0,0,1,2,Alto valor maduro
54356.0,71,24,775,62,1,0,0,0,1,2,Alto valor maduro
34242.0,61,4,14,25,0,0,0,0,1,0,Entrada / baixo investimento
25410.0,47,6,34,48,0,0,0,1,0,0,Entrada / baixo investimento
73356.0,36,22,1400,56,1,3,0,0,0,1,Alto valor ativo
28320.0,70,5,39,68,0,0,0,0,1,3,Risco de desengajamento
23763.0,43,5,36,64,0,0,0,1,0,3,Risco de desengajamento
72570.0,36,23,865,67,0,0,0,0,0,1,Alto valor ativo
34529.0,44,9,121,94,0,0,0,1,0,3,Risco de desengajamento
70792.0,69,19,1158,82,0,0,0,0,0,2,Alto valor maduro
63211.0,38,20,1028,3,1,0,0,0,0,1,Alto valor ativo
83891.0,46,22,801,24,0,0,0,0,1,1,Alto valor ativo
36065.0,52,9,71,54,0,0,0,1,1,3,Risco de desengajamento
51141.0,80,9,151,96,0,0,0,0,0,3,Risco de desengajamento
56939.0,44,18,512,19,0,0,0,0,1,0,Entrada / baixo investimento
80872.0,69,19,1228,60,0,0,0,0,0,2,Alto valor maduro
72335.0,44,23,2092,2,1,0,0,0,0,1,Alto valor ativo
61798.0,56,16,450,13,0,0,0,0,0,2,Alto valor maduro
76842.0,70,17,1098,37,0,0,0,0,0,2,Alto valor maduro
29478.0,44,5,19,59,0,0,0,1,0,3,Risco de desengajamento
46998.0,64,18,350,55,0,1,0,0,1,2,Alto valor maduro
96843.0,30,28,1527,60,1,1,0,0,0,1,Alto valor ativo
70053.0,55,26,923,38,0,0,0,0,1,2,Alto valor maduro
71670.0,58,15,1606,8,1,3,0,0,0,2,Alto valor maduro
44359.0,42,9,44,19,0,0,0,1,1,0,Entrada / baixo investimento
40887.0,68,10,118,32,1,0,0,1,1,0,Entrada / baixo investimento
48877.0,54,8,120,27,0,0,0,0,1,0,Entrada / baixo investimento
74485.0,73,26,1685,58,0,0,0,0,0,2,Alto valor maduro
64474.0,48,22,730,59,0,0,0,0,1,1,Alto valor ativo
77226.0,57,28,1117,29,0,0,0,0,1,2,Alto valor maduro
72643.0,71,21,1376,60,1,1,0,0,0,2,Alto valor maduro
85738.0,42,21,1358,41,0,2,0,0,0,1,Alto valor ativo
55686.0,54,16,956,27,0,1,0,0,1,2,Alto valor maduro
39062.0,37,5,32,28,0,1,0,1,0,0,Entrada / baixo investimento
40794.0,45,16,384,18,0,0,0,0,1,0,Entrada / baixo investimento
4428.0,51,25,38,0,0,0,0,0,1,0,Entrada / baixo investimento
32632.0,57,18,523,32,0,0,0,0,0,0,Entrada / baixo investimento
38236.0,52,11,78,2,0,0,0,1,1,0,Entrada / baixo investimento
36781.0,41,6,50,16,1,0,0,1,0,0,Entrada / baixo investimento
31385.0,36,4,18,56,1,1,0,1,0,3,Risco de desengajamento
24570.0,36,11,149,97,0,0,0,1,0,3,Risco de desengajamento
94642.0,69,21,2068,35,0,2,0,0,0,2,Alto valor maduro
58646.0,58,8,118,3,0,0,0,0,1,0,Entrada / baixo investimento
53201.0,45,22,388,49,0,0,0,1,1,1,Alto valor ativo
57113.0,42,16,221,45,0,0,0,1,1,0,Entrada / baixo investimento
51373.0,29,12,276,37,0,0,0,0,0,0,Entrada / baixo investimento
23477.0,34,10,118,39,0,0,0,1,0,0,Entrada / baixo investimento
58116.0,64,16,392,38,0,0,0,0,1,2,Alto valor maduro
72968.0,57,19,1903,8,1,1,0,0,0,1,Alto valor ativo
39791.0,49,10,153,89,0,0,0,0,1,3,Risco de desengajamento
91712.0,73,27,2169,47,1,1,0,0,0,2,Alto valor maduro
94472.0,62,16,1675,75,0,2,0,0,1,2,Alto valor maduro
13672.0,60,6,20,86,0,0,0,1,1,3,Risco de desengajamento
96547.0,40,21,747,4,1,3,0,0,0,1,Alto valor ativo
79205.0,45,16,851,73,1,1,0,0,0,1,Alto valor ativo
56559.0,45,18,453,46,0,0,0,0,1,1,Alto valor ativo
32644.0,47,18,390,38,0,1,0,1,0,0,Entrada / baixo investimento
67506.0,40,12,264,73,0,0,0,0,1,3,Risco de desengajamento
24206.0,50,5,22,66,0,0,0,1,0,3,Risco de desengajamento
28420.0,53,4,13,36,0,0,0,1,0,0,Entrada / baixo investimento
22979.0,50,10,93,29,1,0,0,1,0,0,Entrada / baixo investimento
33279.0,54,4,16,29,0,0,0,0,0,0,Entrada / baixo investimento
30368.0,43,7,50,97,0,0,0,0,1,3,Risco de desengajamento
63684.0,50,23,1384,61,0,0,0,0,1,1,Alto valor ativo
41638.0,56,17,350,68,0,1,0,0,1,3,Risco de desengajamento
68805.0,61,12,263,73,0,0,0,0,1,2,Alto valor maduro
65814.0,54,23,712,90,0,0,0,0,1,2,Alto valor maduro
71964.0,62,17,1784,81,0,0,0,0,0,2,Alto valor maduro
39146.0,34,11,153,1,0,0,0,1,0,0,Entrada / baixo investimento
96876.0,43,24,1920,79,1,3,0,0,0,1,Alto valor ativo
34445.0,39,27,809,92,0,0,0,0,0,1,Alto valor ativo
68281.0,62,25,1614,31,1,0,0,0,0,2,Alto valor maduro
36790.0,37,6,56,14,1,0,0,0,0,0,Entrada / baixo investimento
27943.0,53,8,34,89,0,0,0,1,1,3,Risco de desengajamento
22263.0,69,6,19,31,0,0,1,1,1,0,Entrada / baixo investimento
30261.0,48,4,16,75,0,0,0,1,2,3,Risco de desengajamento
28587.0,42,9,65,42,0,0,0,1,0,0,Entrada / baixo investimento
43815.0,38,6,64,53,0,0,0,1,0,3,Risco de desengajamento
48195.0,64,17,260,53,0,0,0,1,1,2,Alto valor maduro
77027.0,68,19,1164,23,0,0,0,0,1,2,Alto valor maduro
71322.0,55,28,1101,57,0,0,0,0,1,2,Alto valor maduro
32765.0,41,8,43,49,0,0,0,1,0,0,Entrada / baixo investimento
23272.0,67,5,34,29,0,0,0,0,0,0,Entrada / baixo investimento
49912.0,71,26,832,5,1,1,0,0,1,2,Alto valor maduro
7500.0,35,10,66,98,0,0,0,1,0,3,Risco de desengajamento
68117.0,73,25,894,80,1,1,0,0,1,2,Alto valor maduro
67225.0,65,23,725,4,0,0,0,0,1,2,Alto valor maduro
17649.0,44,9,44,70,0,0,0,1,0,3,Risco de desengajamento
55914.0,45,29,1028,32,0,0,0,0,1,1,Alto valor ativo
40059.0,36,12,269,82,0,1,0,1,0,3,Risco de desengajamento
60905.0,70,15,354,27,0,0,0,0,1,2,Alto valor maduro
75330.0,43,29,1048,94,0,0,0,1,1,1,Alto valor ativo
60689.0,69,22,615,23,0,0,0,0,1,2,Alto valor maduro
38680.0,36,6,67,97,0,0,0,1,0,3,Risco de desengajamento
61416.0,38,24,1587,25,0,1,0,0,0,1,Alto valor ativo
49767.0,29,18,543,92,0,0,0,0,0,3,Risco de desengajamento
83273.0,50,29,1290,98,0,0,0,1,2,1,Alto valor ativo
29009.0,39,7,42,19,0,0,0,1,0,0,Entrada / baixo investimento
45057.0,41,6,47,80,0,0,0,1,0,3,Risco de desengajamento
37150.0,49,21,351,80,0,0,0,1,0,3,Risco de desengajamento
43020.0,50,12,180,79,0,0,0,1,0,3,Risco de desengajamento
53154.0,61,9,151,50,0,0,0,0,1,3,Risco de desengajamento
65308.0,47,28,1177,60,0,2,0,0,0,1,Alto valor ativo
76467.0,50,14,1517,44,1,0,0,1,0,1,Alto valor ativo
81044.0,73,22,1182,0,0,0,0,0,0,2,Alto valor maduro
32871.0,69,5,38,28,0,0,0,1,1,0,Entrada / baixo investimento
55801.0,45,21,432,35,0,1,0,1,1,1,Alto valor ativo
76320.0,61,15,897,49,0,0,0,0,1,2,Alto valor maduro
36927.0,65,8,67,46,0,0,0,1,1,3,Risco de desengajamento
48794.0,67,5,39,97,0,0,0,1,1,3,Risco de desengajamento
23478.0,55,7,90,51,0,0,0,0,0,3,Risco de desengajamento
71128.0,47,27,1584,80,0,0,0,1,0,1,Alto valor ativo
59462.0,70,25,892,29,0,0,0,0,1,2,Alto valor maduro
42554.0,42,7,41,93,0,0,0,1,1,3,Risco de desengajamento
67046.0,69,15,886,92,0,0,0,0,1,2,Alto valor maduro
42192.0,72,7,93,40,0,0,0,0,0,0,Entrada / baixo investimento
77610.0,68,17,1664,70,0,0,0,0,1,2,Alto valor maduro
31761.0,36,9,70,96,0,0,0,1,0,3,Risco de desengajamento
34350.0,41,5,37,81,0,0,0,1,0,3,Risco de desengajamento
54591.0,71,19,495,63,0,0,0,0,1,2,Alto valor maduro
71866.0,64,20,682,85,0,0,0,0,1,2,Alto valor maduro
69520.0,37,21,1362,95,0,0,0,0,0,1,Alto valor ativo
64713.0,50,19,548,11,1,0,0,1,0,2,Alto valor maduro
27889.0,43,5,18,42,0,0,0,1,0,0,Entrada / baixo investimento
22123.0,60,7,71,77,0,0,0,0,0,3,Risco de desengajamento
27803.0,47,9,127,40,0,0,0,1,0,0,Entrada / baixo investimento
51651.0,60,17,341,32,0,0,0,0,1,2,Alto valor maduro
87000.0,28,18,912,61,0,0,0,0,0,1,Alto valor ativo
79823.0,61,23,1475,6,0,1,0,0,1,2,Alto valor maduro
30828.0,40,8,44,16,0,0,0,1,0,0,Entrada / baixo investimento
34109.0,49,4,18,39,0,0,0,0,1,0,Entrada / baixo investimento
53367.0,46,21,389,2,1,0,0,1,1,0,Entrada / baixo investimento
22390.0,51,4,21,49,0,0,0,0,0,0,Entrada / baixo investimento
71322.0,44,13,308,31,0,0,0,0,1,0,Entrada / baixo investimento
79244.0,27,22,971,58,1,2,0,0,0,1,Alto valor ativo
48699.0,70,5,39,90,0,0,0,1,1,3,Risco de desengajamento
80144.0,45,19,1259,47,0,0,0,0,0,1,Alto valor ativo
54252.0,64,15,220,25,0,0,0,1,1,2,Alto valor maduro
81929.0,44,20,1868,60,1,2,0,1,0,1,Alto valor ativo
76068.0,45,10,1300,67,0,2,0,0,1,1,Alto valor ativo
53204.0,44,5,39,40,0,0,0,1,1,0,Entrada / baixo investimento
14796.0,36,6,35,1,1,0,0,1,0,0,Entrada / baixo investimento
78128.0,46,20,1228,89,0,2,0,0,1,1,Alto valor ativo
14188.0,48,7,48,40,0,0,0,0,0,0,Entrada / baixo investimento
72967.0,50,19,372,1,1,1,0,0,1,2,Alto valor maduro
48150.0,71,13,219,24,0,0,0,0,1,2,Alto valor maduro
82332.0,59,21,1987,89,1,1,0,0,0,1,Alto valor ativo
58275.0,65,23,551,48,0,0,0,1,1,2,Alto valor maduro
44953.0,39,24,897,31,0,1,0,0,0,1,Alto valor ativo
34587.0,67,6,20,68,0,0,0,1,1,3,Risco de desengajamento
43018.0,46,7,69,46,0,0,0,0,1,0,Entrada / baixo investimento
45736.0,66,19,394,92,0,0,0,0,1,2,Alto valor maduro
66476.0,51,26,956,80,0,0,0,0,1,1,Alto valor ativo
27733.0,39,7,40,16,0,0,0,1,0,0,Entrada / baixo investimento
69805.0,68,27,1018,50,0,0,0,0,1,2,Alto valor maduro
72217.0,58,22,1419,93,0,0,0,0,0,2,Alto valor maduro
25818.0,49,4,19,51,0,0,0,1,0,3,Risco de desengajamento
37509.0,44,9,118,24,0,0,0,1,0,0,Entrada / baixo investimento
25176.0,44,4,8,79,0,0,0,1,1,3,Risco de desengajamento
43586.0,40,10,116,26,0,0,0,0,1,0,Entrada / baixo investimento
53230.0,64,23,503,86,0,0,0,0,1,2,Alto valor maduro
50116.0,63,7,64,68,0,1,0,1,1,3,Risco de desengajamento
82333.0,34,18,1805,60,1,1,0,0,0,1,Alto valor ativo
65220.0,55,23,1270,3,1,0,0,0,0,2,Alto valor maduro
33590.0,46,4,6,65,0,0,0,2,1,3,Risco de desengajamento
72309.0,44,20,1931,64,1,1,0,0,0,1,Alto valor ativo
16005.0,40,8,56,69,0,0,0,1,0,3,Risco de desengajamento
65487.0,63,17,1006,48,0,0,0,0,0,2,Alto valor maduro
58692.0,55,15,384,21,0,0,0,0,1,0,Entrada / baixo investimento
40590.0,51,15,221,30,0,1,0,1,1,0,Entrada / baixo investimento
62637.0,66,10,180,76,0,0,0,0,1,3,Risco de desengajamento
29435.0,54,11,116,11,1,0,0,1,1,0,Entrada / baixo investimento
19346.0,46,5,20,26,0,0,0,1,0,0,Entrada / baixo investimento
35788.0,49,7,40,34,0,0,0,1,1,0,Entrada / baixo investimento
36997.0,52,12,67,72,0,0,0,1,1,3,Risco de desengajamento
23539.0,63,7,56,13,0,0,0,0,0,0,Entrada / baixo investimento
65333.0,47,28,768,58,0,2,0,0,1,1,Alto valor ativo
78499.0,63,19,1237,12,1,1,0,0,0,2,Alto valor maduro
29732.0,49,5,34,23,0,0,0,1,0,0,Entrada / baixo investimento
41275.0,60,11,52,33,0,0,0,1,2,0,Entrada / baixo investimento
63516.0,47,16,295,30,0,0,0,1,1,0,Entrada / baixo investimento
42769.0,58,8,88,15,0,0,0,0,1,0,Entrada / baixo investimento
49572.0,62,7,53,25,0,0,0,1,1,0,Entrada / baixo investimento
69209.0,48,16,1654,4,0,1,0,0,0,1,Alto valor ativo
17148.0,44,11,52,80,0,0,0,1,0,3,Risco de desengajamento
32146.0,37,8,63,16,0,0,0,1,0,0,Entrada / baixo investimento
41713.0,56,13,149,57,0,0,0,1,1,3,Risco de desengajamento
34176.0,45,5,26,9,0,0,0,0,1,0,Entrada / baixo investimento
58482.0,65,22,724,59,0,1,0,0,1,2,Alto valor maduro
59686.0,55,12,269,78,0,0,0,0,1,3,Risco de desengajamento
60896.0,56,26,1548,90,1,0,0,0,1,1,Alto valor ativo
62994.0,40,13,300,74,0,0,0,1,0,3,Risco de desengajamento
47320.0,63,20,395,10,0,0,0,0,1,2,Alto valor maduro
74859.0,71,23,1492,63,0,1,0,0,0,2,Alto valor maduro
15253.0,28,6,16,13,0,0,0,1,0,0,Entrada / baixo investimento
31560.0,46,8,87,98,0,0,0,1,0,3,Risco de desengajamento
91172.0,30,14,1036,94,1,4,0,0,0,1,Alto valor ativo
90000.0,36,18,1238,91,0,3,0,0,0,1,Alto valor ativo
41967.0,39,5,39,66,0,0,0,1,1,3,Risco de desengajamento
69263.0,55,18,547,14,0,1,0,0,1,2,Alto valor maduro
65706.0,50,27,1070,77,1,3,0,0,0,1,Alto valor ativo
60934.0,45,23,819,41,0,0,0,0,1,1,Alto valor ativo
71965.0,69,17,965,21,0,0,0,0,1,2,Alto valor maduro
65210.0,65,22,703,25,0,2,0,0,1,2,Alto valor maduro
79174.0,45,19,1914,2,1,2,0,0,0,1,Alto valor ativo
81380.0,53,17,1790,51,0,0,0,0,0,1,Alto valor ativo
48432.0,47,19,382,3,0,0,0,0,1,0,Entrada / baixo investimento
52914.0,49,15,348,32,0,1,0,0,1,0,Entrada / baixo investimento
26067.0,46,9,44,49,0,0,0,1,0,0,Entrada / baixo investimento
44325.0,48,21,537,69,0,1,0,0,1,3,Risco de desengajamento
26487.0,42,9,46,23,0,0,0,1,0,0,Entrada / baixo investimento
53233.0,63,5,40,18,0,0,0,0,1,0,Entrada / baixo investimento
67716.0,60,28,960,8,0,1,0,0,1,2,Alto valor maduro
76234.0,48,23,866,21,0,1,0,0,1,1,Alto valor ativo
84117.0,64,24,1540,60,0,1,0,0,0,2,Alto valor maduro
65487.0,63,17,1006,48,0,0,0,0,0,2,Alto valor maduro
25224.0,48,7,38,36,0,0,0,1,0,0,Entrada / baixo investimento
89616.0,37,25,1629,36,1,0,0,0,0,1,Alto valor ativo
40851.0,49,5,35,63,0,0,0,1,1,3,Risco de desengajamento
27469.0,73,4,17,2,0,0,0,0,0,0,Entrada / baixo investimento
82347.0,63,25,1790,38,1,2,0,0,0,2,Alto valor maduro
73803.0,63,22,1354,61,1,1,0,0,1,2,Alto valor maduro
8820.0,68,10,31,52,0,0,0,1,1,3,Risco de desengajamento
43322.0,46,8,123,25,0,0,0,0,0,0,Entrada / baixo investimento
55593.0,47,17,440,63,0,1,0,0,1,3,Risco de desengajamento
50501.0,66,20,348,10,1,1,0,1,1,2,Alto valor maduro
37085.0,45,10,58,65,0,0,0,1,1,3,Risco de desengajamento
16185.0,30,8,61,71,0,0,0,1,0,3,Risco de desengajamento
57731.0,51,26,660,0,0,0,0,0,1,2,Alto valor maduro
73807.0,42,23,795,88,0,0,0,0,1,1,Alto valor ativo
35893.0,52,15,181,80,0,0,0,1,1,3,Risco de desengajamento
61014.0,40,20,1118,17,0,0,0,0,1,1,Alto valor ativo
32144.0,66,10,51,76,0,1,0,1,1,3,Risco de desengajamento
14918.0,57,5,28,52,0,0,0,0,1,3,Risco de desengajamento
45146.0,57,6,38,28,0,0,0,1,1,0,Entrada / baixo investimento
41769.0,65,22,494,31,0,0,0,0,1,2,Alto valor maduro
88325.0,39,18,1570,42,0,0,0,0,0,1,Alto valor ativo
38054.0,70,7,45,24,0,0,0,1,1,0,Entrada / baixo investimento
80617.0,25,19,1403,42,0,0,0,0,0,1,Alto valor ativo
5305.0,44,1,27,12,0,0,0,0,1,0,Entrada / baixo investimento
36807.0,66,4,11,88,0,0,0,1,1,3,Risco de desengajamento
40101.0,35,17,353,73,0,0,0,1,0,3,Risco de desengajamento
58025.0,41,18,448,81,0,0,0,0,1,3,Risco de desengajamento
7500.0,41,11,32,7,0,0,0,1,0,0,Entrada / baixo investimento
33562.0,57,9,48,33,0,0,0,1,2,0,Entrada / baixo investimento
57642.0,50,22,652,24,0,1,0,0,1,2,Alto valor maduro
63777.0,41,26,600,87,0,0,0,1,1,1,Alto valor ativo
57967.0,58,19,377,39,0,0,0,0,1,2,Alto valor maduro
24434.0,48,7,33,9,0,0,0,2,0,0,Entrada / baixo investimento
11012.0,36,9,61,82,0,1,0,1,0,3,Risco de desengajamento
44802.0,50,27,1029,71,0,0,0,0,0,1,Alto valor ativo
26816.0,34,4,19,50,0,0,0,0,0,0,Entrada / baixo investimento
61223.0,53,18,1094,46,0,0,0,0,1,2,Alto valor maduro
56981.0,39,19,1217,91,0,1,0,0,0,1,Alto valor ativo
69245.0,64,23,782,8,0,0,0,0,1,2,Alto valor maduro
52869.0,66,11,151,40,1,0,0,1,1,0,Entrada / baixo investimento
